0 verbose cli C:\nvm4w\nodejs\node.exe C:\nvm4w\nodejs\node_modules\npm\bin\npm-cli.js
1 info using npm@10.8.2
2 info using node@v18.20.8
3 silly config load:file:C:\Users\abola\AppData\Local\nvm\v18.20.8\node_modules\npm\npmrc
4 silly config load:file:C:\Users\abola\OneDrive\Рабочий стол\hackalemai\hack-f6c388bf-2407\apps\web\.npmrc
5 silly config load:file:C:\Users\abola\.npmrc
6 silly config load:file:C:\Users\abola\OneDrive\Рабочий стол\hackalemai\hack-f6c388bf-2407\apps\web\etc\npmrc
7 verbose title npm install
8 verbose argv "install" "--prefix" "apps/web" "--cache" ".cache/npm" "--offline" "false"
9 verbose logfile logs-max:10 dir:C:\Users\abola\OneDrive\Рабочий стол\hackalemai\hack-f6c388bf-2407\.cache\npm\_logs\2026-09-23T09_55_45_947Z-
10 verbose logfile C:\Users\abola\OneDrive\Рабочий стол\hackalemai\hack-f6c388bf-2407\.cache\npm\_logs\2026-09-23T09_55_45_947Z-debug-0.log
11 silly packumentCache heap:2197815296 maxSize:549453824 maxEntrySize:274726912
12 silly logfile done cleaning log files
13 silly idealTree buildDeps
14 silly fetch manifest react@^19.1.0
15 silly packumentCache full:https://registry.npmjs.org/react cache-miss
16 http fetch GET 200 https://registry.npmjs.org/react 945ms (cache miss)
17 silly packumentCache full:https://registry.npmjs.org/react set size:undefined disposed:false
18 silly fetch manifest react-dom@^19.1.0
19 silly packumentCache full:https://registry.npmjs.org/react-dom cache-miss
20 http fetch GET 200 https://registry.npmjs.org/react-dom 490ms (cache miss)
21 silly packumentCache full:https://registry.npmjs.org/react-dom set size:undefined disposed:false
22 silly fetch manifest @types/react@^19.1.0
23 silly packumentCache full:https://registry.npmjs.org/@types%2freact cache-miss
24 http fetch GET 200 https://registry.npmjs.org/@types%2freact 264ms (cache miss)
25 silly packumentCache full:https://registry.npmjs.org/@types%2freact set size:undefined disposed:false
26 silly fetch manifest @types/react-dom@^19.1.0
27 silly packumentCache full:https://registry.npmjs.org/@types%2freact-dom cache-miss
28 http fetch GET 200 https://registry.npmjs.org/@types%2freact-dom 122ms (cache miss)
29 silly packumentCache full:https://registry.npmjs.org/@types%2freact-dom set size:undefined disposed:false
30 silly fetch manifest @vitejs/plugin-react@^4.7.0
31 silly packumentCache full:https://registry.npmjs.org/@vitejs%2fplugin-react cache-miss
32 http fetch GET 200 https://registry.npmjs.org/@vitejs%2fplugin-react 181ms (cache miss)
33 silly packumentCache full:https://registry.npmjs.org/@vitejs%2fplugin-react set size:undefined disposed:false
34 silly fetch manifest vite@^6.3.5
35 silly packumentCache full:https://registry.npmjs.org/vite cache-miss
36 http fetch GET 200 https://registry.npmjs.org/vite 1448ms (cache miss)
37 silly packumentCache full:https://registry.npmjs.org/vite set size:undefined disposed:false
38 silly fetch manifest @types/node@^18.0.0 || ^20.0.0 || >=22.0.0
39 silly packumentCache full:https://registry.npmjs.org/@types%2fnode cache-miss
40 http fetch GET 200 https://registry.npmjs.org/@types%2fnode 507ms (cache miss)
41 silly packumentCache full:https://registry.npmjs.org/@types%2fnode set size:undefined disposed:false
42 silly fetch manifest jiti@>=1.21.0
43 silly packumentCache full:https://registry.npmjs.org/jiti cache-miss
44 http fetch GET 200 https://registry.npmjs.org/jiti 108ms (cache miss)
45 silly packumentCache full:https://registry.npmjs.org/jiti set size:undefined disposed:false
46 silly fetch manifest less@*
47 silly packumentCache full:https://registry.npmjs.org/less cache-miss
48 http fetch GET 200 https://registry.npmjs.org/less 123ms (cache miss)
49 silly packumentCache full:https://registry.npmjs.org/less set size:undefined disposed:false
50 silly fetch manifest lightningcss@^1.21.0
51 silly packumentCache full:https://registry.npmjs.org/lightningcss cache-miss
52 http fetch GET 200 https://registry.npmjs.org/lightningcss 94ms (cache miss)
53 silly packumentCache full:https://registry.npmjs.org/lightningcss set size:undefined disposed:false
54 silly fetch manifest sass@*
55 silly packumentCache full:https://registry.npmjs.org/sass cache-miss
56 http fetch GET 200 https://registry.npmjs.org/sass 139ms (cache miss)
57 silly packumentCache full:https://registry.npmjs.org/sass set size:undefined disposed:false
58 silly fetch manifest sass-embedded@*
59 silly packumentCache full:https://registry.npmjs.org/sass-embedded cache-miss
60 http fetch GET 200 https://registry.npmjs.org/sass-embedded 118ms (cache miss)
61 silly packumentCache full:https://registry.npmjs.org/sass-embedded set size:undefined disposed:false
62 silly fetch manifest stylus@*
63 silly packumentCache full:https://registry.npmjs.org/stylus cache-miss
64 http fetch GET 200 https://registry.npmjs.org/stylus 95ms (cache miss)
65 silly packumentCache full:https://registry.npmjs.org/stylus set size:undefined disposed:false
66 silly fetch manifest sugarss@*
67 silly packumentCache full:https://registry.npmjs.org/sugarss cache-miss
68 http fetch GET 200 https://registry.npmjs.org/sugarss 85ms (cache miss)
69 silly packumentCache full:https://registry.npmjs.org/sugarss set size:undefined disposed:false
70 silly fetch manifest postcss@^8.3.3
71 silly packumentCache full:https://registry.npmjs.org/postcss cache-miss
72 http fetch GET 200 https://registry.npmjs.org/postcss 160ms (cache miss)
73 silly packumentCache full:https://registry.npmjs.org/postcss set size:undefined disposed:false
74 silly fetch manifest terser@^5.16.0
75 silly packumentCache full:https://registry.npmjs.org/terser cache-miss
76 http fetch GET 200 https://registry.npmjs.org/terser 149ms (cache miss)
77 silly packumentCache full:https://registry.npmjs.org/terser set size:undefined disposed:false
78 silly fetch manifest tsx@^4.8.1
79 silly packumentCache full:https://registry.npmjs.org/tsx cache-miss
80 http fetch GET 200 https://registry.npmjs.org/tsx 288ms (cache miss)
81 silly packumentCache full:https://registry.npmjs.org/tsx set size:undefined disposed:false
82 silly fetch manifest yaml@^2.4.2
83 silly packumentCache full:https://registry.npmjs.org/yaml cache-miss
84 http fetch GET 200 https://registry.npmjs.org/yaml 113ms (cache miss)
85 silly packumentCache full:https://registry.npmjs.org/yaml set size:undefined disposed:false
86 silly fetch manifest typescript@~5.8.3
87 silly packumentCache full:https://registry.npmjs.org/typescript cache-miss
88 http fetch GET 200 https://registry.npmjs.org/typescript 671ms (cache miss)
89 silly packumentCache full:https://registry.npmjs.org/typescript set size:undefined disposed:false
90 silly placeDep ROOT @types/react@19.3.0 OK for: @akim5h/web@0.1.0 want: ^19.1.0
91 silly placeDep ROOT @types/react-dom@19.3.0 OK for: @akim5h/web@0.1.0 want: ^19.1.0
92 silly placeDep ROOT @vitejs/plugin-react@4.7.0 OK for: @akim5h/web@0.1.0 want: ^4.7.0
93 silly placeDep ROOT vite@6.4.3 OK for: @vitejs/plugin-react@4.7.0 want: ^4.2.0 || ^5.0.0 || ^6.0.0 || ^7.0.0
94 silly placeDep ROOT akim-na-5-chasov@0.1.0 OK for: @akim5h/web@0.1.0 want: file:../..
95 silly placeDep ROOT react@19.3.0 OK for: @akim5h/web@0.1.0 want: ^19.1.0
96 silly placeDep ROOT react-dom@19.3.0 OK for: @akim5h/web@0.1.0 want: ^19.1.0
97 silly placeDep ROOT typescript@5.8.3 OK for: @akim5h/web@0.1.0 want: ~5.8.3
98 silly fetch manifest csstype@^3.2.2
99 silly packumentCache full:https://registry.npmjs.org/csstype cache-miss
100 silly fetch manifest @babel/core@^7.28.0
101 silly packumentCache full:https://registry.npmjs.org/@babel%2fcore cache-miss
102 silly fetch manifest react-refresh@^0.17.0
103 silly packumentCache full:https://registry.npmjs.org/react-refresh cache-miss
104 silly fetch manifest @types/babel__core@^7.20.5
105 silly packumentCache full:https://registry.npmjs.org/@types%2fbabel__core cache-miss
106 silly fetch manifest @rolldown/pluginutils@1.0.0-beta.27
107 silly packumentCache full:https://registry.npmjs.org/@rolldown%2fpluginutils cache-miss
108 silly fetch manifest @babel/plugin-transform-react-jsx-self@^7.27.1
109 silly packumentCache full:https://registry.npmjs.org/@babel%2fplugin-transform-react-jsx-self cache-miss
110 silly fetch manifest @babel/plugin-transform-react-jsx-source@^7.27.1
111 silly packumentCache full:https://registry.npmjs.org/@babel%2fplugin-transform-react-jsx-source cache-miss
112 silly fetch manifest fdir@^6.4.4
113 silly packumentCache full:https://registry.npmjs.org/fdir cache-miss
114 silly fetch manifest rollup@^4.34.9
115 silly packumentCache full:https://registry.npmjs.org/rollup cache-miss
116 silly fetch manifest esbuild@^0.25.0
117 silly packumentCache full:https://registry.npmjs.org/esbuild cache-miss
118 silly fetch manifest postcss@^8.5.3
119 silly packumentCache full:https://registry.npmjs.org/postcss cache-miss
120 silly fetch manifest picomatch@^4.0.2
121 silly packumentCache full:https://registry.npmjs.org/picomatch cache-miss
122 silly fetch manifest tinyglobby@^0.2.13
123 silly packumentCache full:https://registry.npmjs.org/tinyglobby cache-miss
124 silly fetch manifest fsevents@~2.3.3
125 silly packumentCache full:https://registry.npmjs.org/fsevents cache-miss
126 silly fetch manifest scheduler@^0.28.0
127 silly packumentCache full:https://registry.npmjs.org/scheduler cache-miss
128 http fetch GET 200 https://registry.npmjs.org/postcss 129ms (cache hit)
129 silly packumentCache full:https://registry.npmjs.org/postcss set size:766699 disposed:false
130 http fetch GET 200 https://registry.npmjs.org/csstype 191ms (cache miss)
131 silly packumentCache full:https://registry.npmjs.org/csstype set size:undefined disposed:false
132 http fetch GET 200 https://registry.npmjs.org/tinyglobby 454ms (cache miss)
133 silly packumentCache full:https://registry.npmjs.org/tinyglobby set size:undefined disposed:false
134 http fetch GET 200 https://registry.npmjs.org/@types%2fbabel__core 490ms (cache miss)
135 silly packumentCache full:https://registry.npmjs.org/@types%2fbabel__core set size:undefined disposed:false
136 http fetch GET 200 https://registry.npmjs.org/picomatch 493ms (cache miss)
137 silly packumentCache full:https://registry.npmjs.org/picomatch set size:undefined disposed:false
138 http fetch GET 200 https://registry.npmjs.org/fdir 506ms (cache miss)
139 silly packumentCache full:https://registry.npmjs.org/fdir set size:undefined disposed:false
140 http fetch GET 200 https://registry.npmjs.org/@rolldown%2fpluginutils 527ms (cache miss)
141 silly packumentCache full:https://registry.npmjs.org/@rolldown%2fpluginutils set size:undefined disposed:false
142 http fetch GET 200 https://registry.npmjs.org/fsevents 531ms (cache miss)
143 silly packumentCache full:https://registry.npmjs.org/fsevents set size:undefined disposed:false
144 http fetch GET 200 https://registry.npmjs.org/@babel%2fplugin-transform-react-jsx-self 551ms (cache miss)
145 silly packumentCache full:https://registry.npmjs.org/@babel%2fplugin-transform-react-jsx-self set size:undefined disposed:false
146 http fetch GET 200 https://registry.npmjs.org/@babel%2fplugin-transform-react-jsx-source 554ms (cache miss)
147 silly packumentCache full:https://registry.npmjs.org/@babel%2fplugin-transform-react-jsx-source set size:undefined disposed:false
148 http fetch GET 200 https://registry.npmjs.org/@babel%2fcore 668ms (cache miss)
149 silly packumentCache full:https://registry.npmjs.org/@babel%2fcore set size:undefined disposed:false
150 http fetch GET 200 https://registry.npmjs.org/esbuild 699ms (cache miss)
151 silly packumentCache full:https://registry.npmjs.org/esbuild set size:undefined disposed:false
152 http fetch GET 200 https://registry.npmjs.org/rollup 950ms (cache miss)
153 silly packumentCache full:https://registry.npmjs.org/rollup set size:undefined disposed:false
154 http fetch GET 200 https://registry.npmjs.org/scheduler 1066ms (cache miss)
155 silly packumentCache full:https://registry.npmjs.org/scheduler set size:undefined disposed:false
156 http fetch GET 200 https://registry.npmjs.org/react-refresh 1134ms (cache miss)
157 silly packumentCache full:https://registry.npmjs.org/react-refresh set size:undefined disposed:false
158 silly placeDep ROOT csstype@3.2.3 OK for: @types/react@19.3.0 want: ^3.2.2
159 silly placeDep ROOT @babel/core@7.29.7 OK for: @vitejs/plugin-react@4.7.0 want: ^7.28.0
160 silly placeDep ROOT @babel/plugin-transform-react-jsx-self@7.29.7 OK for: @vitejs/plugin-react@4.7.0 want: ^7.27.1
161 silly placeDep ROOT @babel/plugin-transform-react-jsx-source@7.29.7 OK for: @vitejs/plugin-react@4.7.0 want: ^7.27.1
162 silly placeDep ROOT @rolldown/pluginutils@1.0.0-beta.27 OK for: @vitejs/plugin-react@4.7.0 want: 1.0.0-beta.27
163 silly placeDep ROOT @types/babel__core@7.20.5 OK for: @vitejs/plugin-react@4.7.0 want: ^7.20.5
164 silly placeDep ROOT react-refresh@0.17.0 OK for: @vitejs/plugin-react@4.7.0 want: ^0.17.0
165 silly fetch manifest debug@^4.1.0
166 silly packumentCache full:https://registry.npmjs.org/debug cache-miss
167 silly fetch manifest json5@^2.2.3
168 silly packumentCache full:https://registry.npmjs.org/json5 cache-miss
169 silly fetch manifest semver@^6.3.1
170 silly packumentCache full:https://registry.npmjs.org/semver cache-miss
171 silly fetch manifest gensync@^1.0.0-beta.2
172 silly packumentCache full:https://registry.npmjs.org/gensync cache-miss
173 silly fetch manifest @babel/types@^7.29.7
174 silly packumentCache full:https://registry.npmjs.org/@babel%2ftypes cache-miss
175 silly fetch manifest @babel/parser@^7.29.7
176 silly packumentCache full:https://registry.npmjs.org/@babel%2fparser cache-miss
177 silly fetch manifest @babel/helpers@^7.29.7
178 silly packumentCache full:https://registry.npmjs.org/@babel%2fhelpers cache-miss
179 silly fetch manifest @babel/template@^7.29.7
180 silly packumentCache full:https://registry.npmjs.org/@babel%2ftemplate cache-miss
181 silly fetch manifest @babel/traverse@^7.29.7
182 silly packumentCache full:https://registry.npmjs.org/@babel%2ftraverse cache-miss
183 silly fetch manifest @babel/generator@^7.29.7
184 silly packumentCache full:https://registry.npmjs.org/@babel%2fgenerator cache-miss
185 silly fetch manifest @babel/code-frame@^7.29.7
186 silly packumentCache full:https://registry.npmjs.org/@babel%2fcode-frame cache-miss
187 silly fetch manifest convert-source-map@^2.0.0
188 silly packumentCache full:https://registry.npmjs.org/convert-source-map cache-miss
189 silly fetch manifest @jridgewell/remapping@^2.3.5
190 silly packumentCache full:https://registry.npmjs.org/@jridgewell%2fremapping cache-miss
191 silly fetch manifest @babel/helper-module-transforms@^7.29.7
192 silly packumentCache full:https://registry.npmjs.org/@babel%2fhelper-module-transforms cache-miss
193 silly fetch manifest @babel/helper-compilation-targets@^7.29.7
194 silly packumentCache full:https://registry.npmjs.org/@babel%2fhelper-compilation-targets cache-miss
195 http fetch GET 200 https://registry.npmjs.org/gensync 182ms (cache miss)
196 silly packumentCache full:https://registry.npmjs.org/gensync set size:undefined disposed:false
197 silly fetch manifest @babel/helper-plugin-utils@^7.29.7
198 silly packumentCache full:https://registry.npmjs.org/@babel%2fhelper-plugin-utils cache-miss
199 http fetch GET 200 https://registry.npmjs.org/@jridgewell%2fremapping 174ms (cache miss)
200 silly packumentCache full:https://registry.npmjs.org/@jridgewell%2fremapping set size:undefined disposed:false
201 silly fetch manifest @babel/helper-plugin-utils@^7.29.7
202 silly packumentCache full:https://registry.npmjs.org/@babel%2fhelper-plugin-utils cache-miss
203 http fetch GET 200 https://registry.npmjs.org/convert-source-map 194ms (cache miss)
204 silly packumentCache full:https://registry.npmjs.org/convert-source-map set size:undefined disposed:false
205 silly fetch manifest @babel/types@^7.20.7
206 silly packumentCache full:https://registry.npmjs.org/@babel%2ftypes cache-miss
207 http fetch GET 200 https://registry.npmjs.org/debug 226ms (cache miss)
208 silly packumentCache full:https://registry.npmjs.org/debug set size:undefined disposed:false
209 silly fetch manifest @babel/parser@^7.20.7
210 silly packumentCache full:https://registry.npmjs.org/@babel%2fparser cache-miss
211 http fetch GET 200 https://registry.npmjs.org/@babel%2fcode-frame 222ms (cache miss)
212 silly packumentCache full:https://registry.npmjs.org/@babel%2fcode-frame set size:undefined disposed:false
213 silly fetch manifest @types/babel__template@*
214 silly packumentCache full:https://registry.npmjs.org/@types%2fbabel__template cache-miss
215 http fetch GET 200 https://registry.npmjs.org/json5 248ms (cache miss)
216 silly packumentCache full:https://registry.npmjs.org/json5 set size:undefined disposed:false
217 silly fetch manifest @types/babel__traverse@*
218 silly packumentCache full:https://registry.npmjs.org/@types%2fbabel__traverse cache-miss
219 http fetch GET 200 https://registry.npmjs.org/@babel%2fhelper-module-transforms 252ms (cache miss)
220 silly packumentCache full:https://registry.npmjs.org/@babel%2fhelper-module-transforms set size:undefined disposed:false
221 silly fetch manifest @types/babel__generator@*
222 silly packumentCache full:https://registry.npmjs.org/@types%2fbabel__generator cache-miss
223 http fetch GET 200 https://registry.npmjs.org/@babel%2ftemplate 271ms (cache miss)
224 silly packumentCache full:https://registry.npmjs.org/@babel%2ftemplate set size:undefined disposed:false
225 http fetch GET 200 https://registry.npmjs.org/semver 301ms (cache miss)
226 silly packumentCache full:https://registry.npmjs.org/semver set size:undefined disposed:false
227 http fetch GET 200 https://registry.npmjs.org/@babel%2fhelpers 334ms (cache miss)
228 silly packumentCache full:https://registry.npmjs.org/@babel%2fhelpers set size:undefined disposed:false
229 http fetch GET 200 https://registry.npmjs.org/@babel%2fgenerator 352ms (cache miss)
230 silly packumentCache full:https://registry.npmjs.org/@babel%2fgenerator set size:undefined disposed:false
231 http fetch GET 200 https://registry.npmjs.org/@babel%2ftypes 381ms (cache miss)
232 silly packumentCache full:https://registry.npmjs.org/@babel%2ftypes set size:undefined disposed:false
233 http fetch GET 200 https://registry.npmjs.org/@types%2fbabel__template 156ms (cache miss)
234 silly packumentCache full:https://registry.npmjs.org/@types%2fbabel__template set size:undefined disposed:false
235 http fetch GET 200 https://registry.npmjs.org/@babel%2fhelper-plugin-utils 219ms (cache miss)
236 silly packumentCache full:https://registry.npmjs.org/@babel%2fhelper-plugin-utils set size:undefined disposed:false
237 http fetch GET 200 https://registry.npmjs.org/@babel%2fhelper-plugin-utils 230ms (cache miss)
238 silly packumentCache full:https://registry.npmjs.org/@babel%2fhelper-plugin-utils set size:undefined disposed:false
239 http fetch GET 200 https://registry.npmjs.org/@types%2fbabel__traverse 175ms (cache miss)
240 silly packumentCache full:https://registry.npmjs.org/@types%2fbabel__traverse set size:undefined disposed:false
241 http fetch GET 200 https://registry.npmjs.org/@babel%2fparser 431ms (cache miss)
242 silly packumentCache full:https://registry.npmjs.org/@babel%2fparser set size:undefined disposed:false
243 http fetch GET 200 https://registry.npmjs.org/@types%2fbabel__generator 182ms (cache miss)
244 silly packumentCache full:https://registry.npmjs.org/@types%2fbabel__generator set size:undefined disposed:false
245 http fetch GET 200 https://registry.npmjs.org/@babel%2ftraverse 453ms (cache miss)
246 silly packumentCache full:https://registry.npmjs.org/@babel%2ftraverse set size:undefined disposed:false
247 http fetch GET 200 https://registry.npmjs.org/@babel%2ftypes 263ms (cache miss)
248 silly packumentCache full:https://registry.npmjs.org/@babel%2ftypes set size:undefined disposed:false
249 http fetch GET 200 https://registry.npmjs.org/@babel%2fhelper-compilation-targets 473ms (cache miss)
250 silly packumentCache full:https://registry.npmjs.org/@babel%2fhelper-compilation-targets set size:undefined disposed:false
251 http fetch GET 200 https://registry.npmjs.org/@babel%2fparser 284ms (cache miss)
252 silly packumentCache full:https://registry.npmjs.org/@babel%2fparser set size:undefined disposed:false
253 silly fetch manifest @babel/core@^7.0.0
254 silly packumentCache full:https://registry.npmjs.org/@babel%2fcore cache-miss
255 http fetch GET 200 https://registry.npmjs.org/@babel%2fcore 19ms (cache hit)
256 silly packumentCache full:https://registry.npmjs.org/@babel%2fcore set size:797193 disposed:false
257 silly placeDep ROOT @babel/code-frame@7.29.7 OK for: @babel/core@7.29.7 want: ^7.29.7
258 silly placeDep ROOT @babel/generator@7.29.8 OK for: @babel/core@7.29.7 want: ^7.29.7
259 silly placeDep ROOT @babel/helper-compilation-targets@7.29.7 OK for: @babel/core@7.29.7 want: ^7.29.7
260 silly placeDep ROOT @babel/helper-module-transforms@7.29.7 OK for: @babel/core@7.29.7 want: ^7.29.7
261 silly placeDep ROOT @babel/helpers@7.29.7 OK for: @babel/core@7.29.7 want: ^7.29.7
262 silly placeDep ROOT @babel/parser@7.29.9 OK for: @babel/core@7.29.7 want: ^7.29.7
263 silly placeDep ROOT @babel/template@7.29.7 OK for: @babel/core@7.29.7 want: ^7.29.7
264 silly placeDep ROOT @babel/traverse@7.29.8 OK for: @babel/core@7.29.7 want: ^7.29.7
265 silly placeDep ROOT @babel/types@7.29.8 OK for: @babel/core@7.29.7 want: ^7.29.7
266 silly placeDep ROOT @jridgewell/remapping@2.3.5 OK for: @babel/core@7.29.7 want: ^2.3.5
267 silly placeDep ROOT convert-source-map@2.0.0 OK for: @babel/core@7.29.7 want: ^2.0.0
268 silly placeDep ROOT debug@4.4.3 OK for: @babel/core@7.29.7 want: ^4.1.0
269 silly placeDep ROOT gensync@1.0.0-beta.2 OK for: @babel/core@7.29.7 want: ^1.0.0-beta.2
270 silly placeDep ROOT json5@2.2.3 OK for: @babel/core@7.29.7 want: ^2.2.3
271 silly placeDep ROOT semver@6.3.1 OK for: @babel/core@7.29.7 want: ^6.3.1
272 silly fetch manifest js-tokens@^4.0.0
273 silly packumentCache full:https://registry.npmjs.org/js-tokens cache-miss
274 silly fetch manifest picocolors@^1.1.1
275 silly packumentCache full:https://registry.npmjs.org/picocolors cache-miss
276 silly fetch manifest @babel/helper-validator-identifier@^7.29.7
277 silly packumentCache full:https://registry.npmjs.org/@babel%2fhelper-validator-identifier cache-miss
278 silly fetch manifest jsesc@^3.0.2
279 silly packumentCache full:https://registry.npmjs.org/jsesc cache-miss
280 silly fetch manifest @babel/types@^7.29.8
281 silly packumentCache full:https://registry.npmjs.org/@babel%2ftypes cache-miss
282 silly fetch manifest @babel/parser@^7.29.8
283 silly packumentCache full:https://registry.npmjs.org/@babel%2fparser cache-miss
284 silly fetch manifest @jridgewell/gen-mapping@^0.3.12
285 silly packumentCache full:https://registry.npmjs.org/@jridgewell%2fgen-mapping cache-miss
286 silly fetch manifest @jridgewell/trace-mapping@^0.3.28
287 silly packumentCache full:https://registry.npmjs.org/@jridgewell%2ftrace-mapping cache-miss
288 silly fetch manifest lru-cache@^5.1.1
289 silly packumentCache full:https://registry.npmjs.org/lru-cache cache-miss
290 silly fetch manifest browserslist@^4.24.0
291 silly packumentCache full:https://registry.npmjs.org/browserslist cache-miss
292 silly fetch manifest @babel/compat-data@^7.29.7
293 silly packumentCache full:https://registry.npmjs.org/@babel%2fcompat-data cache-miss
294 silly fetch manifest @babel/helper-validator-option@^7.29.7
295 silly packumentCache full:https://registry.npmjs.org/@babel%2fhelper-validator-option cache-miss
296 silly fetch manifest @babel/helper-module-imports@^7.29.7
297 silly packumentCache full:https://registry.npmjs.org/@babel%2fhelper-module-imports cache-miss
298 silly fetch manifest @babel/helper-validator-identifier@^7.29.7
299 silly packumentCache full:https://registry.npmjs.org/@babel%2fhelper-validator-identifier cache-miss
300 silly fetch manifest @babel/types@^7.29.8
301 silly packumentCache full:https://registry.npmjs.org/@babel%2ftypes cache-miss
302 http fetch GET 200 https://registry.npmjs.org/@babel%2fparser 54ms (cache hit)
303 silly packumentCache full:https://registry.npmjs.org/@babel%2fparser set size:745724 disposed:false
304 silly fetch manifest debug@^4.3.1
305 silly packumentCache full:https://registry.npmjs.org/debug cache-miss
306 http fetch GET 200 https://registry.npmjs.org/@babel%2ftypes 73ms (cache hit)
307 silly packumentCache full:https://registry.npmjs.org/@babel%2ftypes set size:507562 disposed:false
308 silly fetch manifest @babel/helper-globals@^7.29.7
309 silly packumentCache full:https://registry.npmjs.org/@babel%2fhelper-globals cache-miss
310 http fetch GET 200 https://registry.npmjs.org/@babel%2ftypes 81ms (cache hit)
311 silly packumentCache full:https://registry.npmjs.org/@babel%2ftypes set size:507562 disposed:false
312 silly packumentCache full:https://registry.npmjs.org/@babel%2ftypes dispose
313 silly fetch manifest @babel/helper-string-parser@^7.29.7
314 silly packumentCache full:https://registry.npmjs.org/@babel%2fhelper-string-parser cache-miss
315 http fetch GET 200 https://registry.npmjs.org/debug 101ms (cache hit)
316 silly packumentCache full:https://registry.npmjs.org/debug set size:195840 disposed:false
317 silly fetch manifest @babel/helper-validator-identifier@^7.29.7
318 silly packumentCache full:https://registry.npmjs.org/@babel%2fhelper-validator-identifier cache-miss
319 http fetch GET 200 https://registry.npmjs.org/picocolors 186ms (cache miss)
320 silly packumentCache full:https://registry.npmjs.org/picocolors set size:undefined disposed:false
321 silly fetch manifest @jridgewell/gen-mapping@^0.3.5
322 silly packumentCache full:https://registry.npmjs.org/@jridgewell%2fgen-mapping cache-miss
323 http fetch GET 200 https://registry.npmjs.org/js-tokens 198ms (cache miss)
324 silly packumentCache full:https://registry.npmjs.org/js-tokens set size:undefined disposed:false
325 silly fetch manifest @jridgewell/trace-mapping@^0.3.24
326 silly packumentCache full:https://registry.npmjs.org/@jridgewell%2ftrace-mapping cache-miss
327 http fetch GET 200 https://registry.npmjs.org/@babel%2fhelper-validator-option 199ms (cache miss)
328 silly packumentCache full:https://registry.npmjs.org/@babel%2fhelper-validator-option set size:undefined disposed:false
329 silly fetch manifest ms@^2.1.3
330 silly packumentCache full:https://registry.npmjs.org/ms cache-miss
331 http fetch GET 200 https://registry.npmjs.org/@babel%2fhelper-validator-identifier 215ms (cache miss)
332 silly packumentCache full:https://registry.npmjs.org/@babel%2fhelper-validator-identifier set size:undefined disposed:false
333 http fetch GET 200 https://registry.npmjs.org/@babel%2fhelper-validator-identifier 209ms (cache miss)
334 silly packumentCache full:https://registry.npmjs.org/@babel%2fhelper-validator-identifier set size:undefined disposed:false
335 http fetch GET 200 https://registry.npmjs.org/@jridgewell%2fgen-mapping 228ms (cache miss)
336 silly packumentCache full:https://registry.npmjs.org/@jridgewell%2fgen-mapping set size:undefined disposed:false
337 http fetch GET 200 https://registry.npmjs.org/@babel%2fhelper-globals 159ms (cache miss)
338 silly packumentCache full:https://registry.npmjs.org/@babel%2fhelper-globals set size:undefined disposed:false
339 http fetch GET 200 https://registry.npmjs.org/@babel%2fhelper-module-imports 236ms (cache miss)
340 silly packumentCache full:https://registry.npmjs.org/@babel%2fhelper-module-imports set size:undefined disposed:false
341 http fetch GET 200 https://registry.npmjs.org/@jridgewell%2ftrace-mapping 248ms (cache miss)
342 silly packumentCache full:https://registry.npmjs.org/@jridgewell%2ftrace-mapping set size:undefined disposed:false
343 http fetch GET 200 https://registry.npmjs.org/@babel%2fcompat-data 254ms (cache miss)
344 silly packumentCache full:https://registry.npmjs.org/@babel%2fcompat-data set size:undefined disposed:false
345 http fetch GET 200 https://registry.npmjs.org/@babel%2fhelper-string-parser 169ms (cache miss)
346 silly packumentCache full:https://registry.npmjs.org/@babel%2fhelper-string-parser set size:undefined disposed:false
347 http fetch GET 200 https://registry.npmjs.org/lru-cache 294ms (cache miss)
348 silly packumentCache full:https://registry.npmjs.org/lru-cache set size:undefined disposed:false
349 http fetch GET 200 https://registry.npmjs.org/browserslist 306ms (cache miss)
350 silly packumentCache full:https://registry.npmjs.org/browserslist set size:undefined disposed:false
351 http fetch GET 200 https://registry.npmjs.org/@jridgewell%2fgen-mapping 136ms (cache miss)
352 silly packumentCache full:https://registry.npmjs.org/@jridgewell%2fgen-mapping set size:undefined disposed:false
353 http fetch GET 200 https://registry.npmjs.org/@babel%2fhelper-validator-identifier 145ms (cache miss)
354 silly packumentCache full:https://registry.npmjs.org/@babel%2fhelper-validator-identifier set size:undefined disposed:false
355 http fetch GET 200 https://registry.npmjs.org/@jridgewell%2ftrace-mapping 131ms (cache miss)
356 silly packumentCache full:https://registry.npmjs.org/@jridgewell%2ftrace-mapping set size:undefined disposed:false
357 http fetch GET 200 https://registry.npmjs.org/jsesc 335ms (cache miss)
358 silly packumentCache full:https://registry.npmjs.org/jsesc set size:undefined disposed:false
359 http fetch GET 200 https://registry.npmjs.org/ms 127ms (cache miss)
360 silly packumentCache full:https://registry.npmjs.org/ms set size:undefined disposed:false
361 silly placeDep ROOT @babel/helper-validator-identifier@7.29.7 OK for: @babel/code-frame@7.29.7 want: ^7.29.7
362 silly placeDep ROOT js-tokens@4.0.0 OK for: @babel/code-frame@7.29.7 want: ^4.0.0
363 silly placeDep ROOT picocolors@1.1.1 OK for: @babel/code-frame@7.29.7 want: ^1.1.1
364 silly placeDep ROOT @jridgewell/gen-mapping@0.3.13 OK for: @babel/generator@7.29.8 want: ^0.3.12
365 silly placeDep ROOT @jridgewell/trace-mapping@0.3.31 OK for: @babel/generator@7.29.8 want: ^0.3.28
366 silly placeDep ROOT jsesc@3.1.0 OK for: @babel/generator@7.29.8 want: ^3.0.2
367 silly fetch manifest @jridgewell/sourcemap-codec@^1.5.0
368 silly packumentCache full:https://registry.npmjs.org/@jridgewell%2fsourcemap-codec cache-miss
369 silly fetch manifest @jridgewell/resolve-uri@^3.1.0
370 silly packumentCache full:https://registry.npmjs.org/@jridgewell%2fresolve-uri cache-miss
371 silly fetch manifest @jridgewell/sourcemap-codec@^1.4.14
372 silly packumentCache full:https://registry.npmjs.org/@jridgewell%2fsourcemap-codec cache-miss
373 http fetch GET 200 https://registry.npmjs.org/@jridgewell%2fsourcemap-codec 112ms (cache miss)
374 silly packumentCache full:https://registry.npmjs.org/@jridgewell%2fsourcemap-codec set size:undefined disposed:false
375 http fetch GET 200 https://registry.npmjs.org/@jridgewell%2fsourcemap-codec 115ms (cache miss)
376 silly packumentCache full:https://registry.npmjs.org/@jridgewell%2fsourcemap-codec set size:undefined disposed:false
377 http fetch GET 200 https://registry.npmjs.org/@jridgewell%2fresolve-uri 119ms (cache miss)
378 silly packumentCache full:https://registry.npmjs.org/@jridgewell%2fresolve-uri set size:undefined disposed:false
379 silly placeDep ROOT @babel/compat-data@7.29.7 OK for: @babel/helper-compilation-targets@7.29.7 want: ^7.29.7
380 silly placeDep ROOT @babel/helper-validator-option@7.29.7 OK for: @babel/helper-compilation-targets@7.29.7 want: ^7.29.7
381 silly placeDep ROOT browserslist@4.29.0 OK for: @babel/helper-compilation-targets@7.29.7 want: ^4.24.0
382 silly placeDep ROOT lru-cache@5.1.1 OK for: @babel/helper-compilation-targets@7.29.7 want: ^5.1.1
383 silly fetch manifest caniuse-lite@^1.0.30001810
384 silly packumentCache full:https://registry.npmjs.org/caniuse-lite cache-miss
385 silly fetch manifest node-releases@^2.0.55
386 silly packumentCache full:https://registry.npmjs.org/node-releases cache-miss
387 silly fetch manifest electron-to-chromium@^1.5.427
388 silly packumentCache full:https://registry.npmjs.org/electron-to-chromium cache-miss
389 silly fetch manifest update-browserslist-db@^1.3.3
390 silly packumentCache full:https://registry.npmjs.org/update-browserslist-db cache-miss
391 silly fetch manifest baseline-browser-mapping@^2.11.23
392 silly packumentCache full:https://registry.npmjs.org/baseline-browser-mapping cache-miss
393 silly fetch manifest yallist@^3.0.2
394 silly packumentCache full:https://registry.npmjs.org/yallist cache-miss
395 http fetch GET 200 https://registry.npmjs.org/yallist 112ms (cache miss)
396 silly packumentCache full:https://registry.npmjs.org/yallist set size:undefined disposed:false
397 http fetch GET 200 https://registry.npmjs.org/update-browserslist-db 127ms (cache miss)
398 silly packumentCache full:https://registry.npmjs.org/update-browserslist-db set size:undefined disposed:false
399 http fetch GET 200 https://registry.npmjs.org/node-releases 138ms (cache miss)
400 silly packumentCache full:https://registry.npmjs.org/node-releases set size:undefined disposed:false
401 http fetch GET 200 https://registry.npmjs.org/baseline-browser-mapping 169ms (cache miss)
402 silly packumentCache full:https://registry.npmjs.org/baseline-browser-mapping set size:undefined disposed:false
403 http fetch GET 200 https://registry.npmjs.org/caniuse-lite 268ms (cache miss)
404 silly packumentCache full:https://registry.npmjs.org/caniuse-lite set size:undefined disposed:false
405 http fetch GET 200 https://registry.npmjs.org/electron-to-chromium 427ms (cache miss)
406 silly packumentCache full:https://registry.npmjs.org/electron-to-chromium set size:undefined disposed:false
407 silly placeDep ROOT @babel/helper-module-imports@7.29.7 OK for: @babel/helper-module-transforms@7.29.7 want: ^7.29.7
408 silly placeDep ROOT @babel/helper-plugin-utils@7.29.7 OK for: @babel/plugin-transform-react-jsx-self@7.29.7 want: ^7.29.7
409 silly placeDep ROOT @babel/helper-globals@7.29.7 OK for: @babel/traverse@7.29.8 want: ^7.29.7
410 silly placeDep ROOT @babel/helper-string-parser@7.29.7 OK for: @babel/types@7.29.8 want: ^7.29.7
411 silly placeDep ROOT @jridgewell/sourcemap-codec@1.6.0 OK for: @jridgewell/gen-mapping@0.3.13 want: ^1.5.0
412 silly placeDep ROOT @jridgewell/resolve-uri@3.1.2 OK for: @jridgewell/trace-mapping@0.3.31 want: ^3.1.0
413 silly placeDep ROOT @types/babel__generator@7.27.0 OK for: @types/babel__core@7.20.5 want: *
414 silly placeDep ROOT @types/babel__template@7.4.4 OK for: @types/babel__core@7.20.5 want: *
415 silly placeDep ROOT @types/babel__traverse@7.28.0 OK for: @types/babel__core@7.20.5 want: *
416 silly fetch manifest browserslist@>= 4.21.0
417 silly packumentCache full:https://registry.npmjs.org/browserslist cache-miss
418 http fetch GET 200 https://registry.npmjs.org/browserslist 29ms (cache hit)
419 silly packumentCache full:https://registry.npmjs.org/browserslist set size:523370 disposed:false
420 silly placeDep ROOT baseline-browser-mapping@2.11.25 OK for: browserslist@4.29.0 want: ^2.11.23
421 silly placeDep ROOT caniuse-lite@1.0.30001810 OK for: browserslist@4.29.0 want: ^1.0.30001810
422 silly placeDep ROOT electron-to-chromium@1.5.437 OK for: browserslist@4.29.0 want: ^1.5.427
423 silly placeDep ROOT node-releases@2.0.57 OK for: browserslist@4.29.0 want: ^2.0.55
424 silly placeDep ROOT update-browserslist-db@1.3.3 OK for: browserslist@4.29.0 want: ^1.3.3
425 silly fetch manifest escalade@^3.2.0
426 silly packumentCache full:https://registry.npmjs.org/escalade cache-miss
427 http fetch GET 200 https://registry.npmjs.org/escalade 134ms (cache miss)
428 silly packumentCache full:https://registry.npmjs.org/escalade set size:undefined disposed:false
429 silly placeDep ROOT ms@2.1.3 OK for: debug@4.4.3 want: ^2.1.3
430 silly placeDep ROOT yallist@3.1.1 OK for: lru-cache@5.1.1 want: ^3.0.2
431 silly placeDep ROOT scheduler@0.28.0 OK for: react-dom@19.3.0 want: ^0.28.0
432 silly placeDep ROOT escalade@3.2.0 OK for: update-browserslist-db@1.3.3 want: ^3.2.0
433 silly placeDep ROOT esbuild@0.25.12 OK for: vite@6.4.3 want: ^0.25.0
434 silly placeDep ROOT fdir@6.5.0 OK for: vite@6.4.3 want: ^6.4.4
435 silly placeDep ROOT fsevents@2.3.3 OK for: vite@6.4.3 want: ~2.3.3
436 silly placeDep ROOT picomatch@4.0.7 OK for: vite@6.4.3 want: ^4.0.2
437 silly placeDep ROOT postcss@8.5.28 OK for: vite@6.4.3 want: ^8.5.3
438 silly placeDep ROOT rollup@4.63.4 OK for: vite@6.4.3 want: ^4.34.9
439 silly placeDep ROOT tinyglobby@0.2.17 OK for: vite@6.4.3 want: ^0.2.13
440 silly fetch manifest @esbuild/aix-ppc64@0.25.12
441 silly packumentCache full:https://registry.npmjs.org/@esbuild%2faix-ppc64 cache-miss
442 silly fetch manifest @esbuild/linux-arm@0.25.12
443 silly packumentCache full:https://registry.npmjs.org/@esbuild%2flinux-arm cache-miss
444 silly fetch manifest @esbuild/linux-x64@0.25.12
445 silly packumentCache full:https://registry.npmjs.org/@esbuild%2flinux-x64 cache-miss
446 silly fetch manifest @esbuild/sunos-x64@0.25.12
447 silly packumentCache full:https://registry.npmjs.org/@esbuild%2fsunos-x64 cache-miss
448 silly fetch manifest @esbuild/win32-x64@0.25.12
449 silly packumentCache full:https://registry.npmjs.org/@esbuild%2fwin32-x64 cache-miss
450 silly fetch manifest @esbuild/darwin-x64@0.25.12
451 silly packumentCache full:https://registry.npmjs.org/@esbuild%2fdarwin-x64 cache-miss
452 silly fetch manifest @esbuild/linux-ia32@0.25.12
453 silly packumentCache full:https://registry.npmjs.org/@esbuild%2flinux-ia32 cache-miss
454 silly fetch manifest @esbuild/netbsd-x64@0.25.12
455 silly packumentCache full:https://registry.npmjs.org/@esbuild%2fnetbsd-x64 cache-miss
456 silly fetch manifest @esbuild/win32-ia32@0.25.12
457 silly packumentCache full:https://registry.npmjs.org/@esbuild%2fwin32-ia32 cache-miss
458 silly fetch manifest @esbuild/android-arm@0.25.12
459 silly packumentCache full:https://registry.npmjs.org/@esbuild%2fandroid-arm cache-miss
460 silly fetch manifest @esbuild/android-x64@0.25.12
461 silly packumentCache full:https://registry.npmjs.org/@esbuild%2fandroid-x64 cache-miss
462 silly fetch manifest @esbuild/freebsd-x64@0.25.12
463 silly packumentCache full:https://registry.npmjs.org/@esbuild%2ffreebsd-x64 cache-miss
464 silly fetch manifest @esbuild/linux-arm64@0.25.12
465 silly packumentCache full:https://registry.npmjs.org/@esbuild%2flinux-arm64 cache-miss
466 silly fetch manifest @esbuild/linux-ppc64@0.25.12
467 silly packumentCache full:https://registry.npmjs.org/@esbuild%2flinux-ppc64 cache-miss
468 silly fetch manifest @esbuild/linux-s390x@0.25.12
469 silly packumentCache full:https://registry.npmjs.org/@esbuild%2flinux-s390x cache-miss
470 http fetch GET 200 https://registry.npmjs.org/@esbuild%2faix-ppc64 194ms (cache miss)
471 silly packumentCache full:https://registry.npmjs.org/@esbuild%2faix-ppc64 set size:undefined disposed:false
472 silly fetch manifest @esbuild/openbsd-x64@0.25.12
473 silly packumentCache full:https://registry.npmjs.org/@esbuild%2fopenbsd-x64 cache-miss
474 http fetch GET 200 https://registry.npmjs.org/@esbuild%2fdarwin-x64 251ms (cache miss)
475 silly packumentCache full:https://registry.npmjs.org/@esbuild%2fdarwin-x64 set size:undefined disposed:false
476 silly fetch manifest @esbuild/win32-arm64@0.25.12
477 silly packumentCache full:https://registry.npmjs.org/@esbuild%2fwin32-arm64 cache-miss
478 http fetch GET 200 https://registry.npmjs.org/@esbuild%2fnetbsd-x64 258ms (cache miss)
479 silly packumentCache full:https://registry.npmjs.org/@esbuild%2fnetbsd-x64 set size:undefined disposed:false
480 silly fetch manifest @esbuild/darwin-arm64@0.25.12
481 silly packumentCache full:https://registry.npmjs.org/@esbuild%2fdarwin-arm64 cache-miss
482 http fetch GET 200 https://registry.npmjs.org/@esbuild%2fwin32-ia32 263ms (cache miss)
483 silly packumentCache full:https://registry.npmjs.org/@esbuild%2fwin32-ia32 set size:undefined disposed:false
484 silly fetch manifest @esbuild/netbsd-arm64@0.25.12
485 silly packumentCache full:https://registry.npmjs.org/@esbuild%2fnetbsd-arm64 cache-miss
486 http fetch GET 200 https://registry.npmjs.org/@esbuild%2fwin32-x64 275ms (cache miss)
487 silly packumentCache full:https://registry.npmjs.org/@esbuild%2fwin32-x64 set size:undefined disposed:false
488 silly fetch manifest @esbuild/android-arm64@0.25.12
489 silly packumentCache full:https://registry.npmjs.org/@esbuild%2fandroid-arm64 cache-miss
490 http fetch GET 200 https://registry.npmjs.org/@esbuild%2flinux-ia32 282ms (cache miss)
491 silly packumentCache full:https://registry.npmjs.org/@esbuild%2flinux-ia32 set size:undefined disposed:false
492 silly fetch manifest @esbuild/freebsd-arm64@0.25.12
493 silly packumentCache full:https://registry.npmjs.org/@esbuild%2ffreebsd-arm64 cache-miss
494 http fetch GET 200 https://registry.npmjs.org/@esbuild%2ffreebsd-x64 293ms (cache miss)
495 silly packumentCache full:https://registry.npmjs.org/@esbuild%2ffreebsd-x64 set size:undefined disposed:false
496 silly fetch manifest @esbuild/linux-loong64@0.25.12
497 silly packumentCache full:https://registry.npmjs.org/@esbuild%2flinux-loong64 cache-miss
498 http fetch GET 200 https://registry.npmjs.org/@esbuild%2fsunos-x64 313ms (cache miss)
499 silly packumentCache full:https://registry.npmjs.org/@esbuild%2fsunos-x64 set size:undefined disposed:false
500 silly fetch manifest @esbuild/linux-riscv64@0.25.12
501 silly packumentCache full:https://registry.npmjs.org/@esbuild%2flinux-riscv64 cache-miss
502 http fetch GET 200 https://registry.npmjs.org/@esbuild%2flinux-x64 329ms (cache miss)
503 silly packumentCache full:https://registry.npmjs.org/@esbuild%2flinux-x64 set size:undefined disposed:false
504 silly fetch manifest @esbuild/openbsd-arm64@0.25.12
505 silly packumentCache full:https://registry.npmjs.org/@esbuild%2fopenbsd-arm64 cache-miss
506 http fetch GET 200 https://registry.npmjs.org/@esbuild%2fandroid-x64 324ms (cache miss)
507 silly packumentCache full:https://registry.npmjs.org/@esbuild%2fandroid-x64 set size:undefined disposed:false
508 silly fetch manifest @esbuild/linux-mips64el@0.25.12
509 silly packumentCache full:https://registry.npmjs.org/@esbuild%2flinux-mips64el cache-miss
510 http fetch GET 200 https://registry.npmjs.org/@esbuild%2flinux-arm64 325ms (cache miss)
511 silly packumentCache full:https://registry.npmjs.org/@esbuild%2flinux-arm64 set size:undefined disposed:false
512 silly fetch manifest @esbuild/openharmony-arm64@0.25.12
513 silly packumentCache full:https://registry.npmjs.org/@esbuild%2fopenharmony-arm64 cache-miss
514 http fetch GET 200 https://registry.npmjs.org/@esbuild%2flinux-ppc64 327ms (cache miss)
515 silly packumentCache full:https://registry.npmjs.org/@esbuild%2flinux-ppc64 set size:undefined disposed:false
516 silly fetch manifest nanoid@^3.3.18
517 silly packumentCache full:https://registry.npmjs.org/nanoid cache-miss
518 http fetch GET 200 https://registry.npmjs.org/@esbuild%2flinux-s390x 337ms (cache miss)
519 silly packumentCache full:https://registry.npmjs.org/@esbuild%2flinux-s390x set size:undefined disposed:false
520 silly fetch manifest source-map-js@^1.2.1
521 silly packumentCache full:https://registry.npmjs.org/source-map-js cache-miss
522 http fetch GET 200 https://registry.npmjs.org/@esbuild%2flinux-arm 365ms (cache miss)
523 silly packumentCache full:https://registry.npmjs.org/@esbuild%2flinux-arm set size:undefined disposed:false
524 silly fetch manifest @types/estree@1.0.9
525 silly packumentCache full:https://registry.npmjs.org/@types%2festree cache-miss
526 http fetch GET 200 https://registry.npmjs.org/@esbuild%2fandroid-arm 358ms (cache miss)
527 silly packumentCache full:https://registry.npmjs.org/@esbuild%2fandroid-arm set size:undefined disposed:false
528 silly fetch manifest @rollup/rollup-darwin-x64@4.63.4
529 silly packumentCache full:https://registry.npmjs.org/@rollup%2frollup-darwin-x64 cache-miss
530 http fetch GET 200 https://registry.npmjs.org/@esbuild%2fopenbsd-x64 218ms (cache miss)
531 silly packumentCache full:https://registry.npmjs.org/@esbuild%2fopenbsd-x64 set size:undefined disposed:false
532 silly fetch manifest @rollup/rollup-freebsd-x64@4.63.4
533 silly packumentCache full:https://registry.npmjs.org/@rollup%2frollup-freebsd-x64 cache-miss
534 http fetch GET 200 https://registry.npmjs.org/@esbuild%2fwin32-arm64 185ms (cache miss)
535 silly packumentCache full:https://registry.npmjs.org/@esbuild%2fwin32-arm64 set size:undefined disposed:false
536 silly fetch manifest @rollup/rollup-openbsd-x64@4.63.4
537 silly packumentCache full:https://registry.npmjs.org/@rollup%2frollup-openbsd-x64 cache-miss
538 http fetch GET 200 https://registry.npmjs.org/@esbuild%2fdarwin-arm64 189ms (cache miss)
539 silly packumentCache full:https://registry.npmjs.org/@esbuild%2fdarwin-arm64 set size:undefined disposed:false
540 silly fetch manifest @napi-rs/lzma-linux-x64-gnu@1.5.1
541 silly packumentCache full:https://registry.npmjs.org/@napi-rs%2flzma-linux-x64-gnu cache-miss
542 http fetch GET 200 https://registry.npmjs.org/@esbuild%2fnetbsd-arm64 198ms (cache miss)
543 silly packumentCache full:https://registry.npmjs.org/@esbuild%2fnetbsd-arm64 set size:undefined disposed:false
544 silly fetch manifest @rollup/rollup-darwin-arm64@4.63.4
545 silly packumentCache full:https://registry.npmjs.org/@rollup%2frollup-darwin-arm64 cache-miss
546 http fetch GET 200 https://registry.npmjs.org/@esbuild%2fandroid-arm64 202ms (cache miss)
547 silly packumentCache full:https://registry.npmjs.org/@esbuild%2fandroid-arm64 set size:undefined disposed:false
548 silly fetch manifest @rollup/rollup-android-arm64@4.63.4
549 silly packumentCache full:https://registry.npmjs.org/@rollup%2frollup-android-arm64 cache-miss
550 http fetch GET 200 https://registry.npmjs.org/source-map-js 153ms (cache miss)
551 silly packumentCache full:https://registry.npmjs.org/source-map-js set size:undefined disposed:false
552 silly fetch manifest @rollup/rollup-freebsd-arm64@4.63.4
553 silly packumentCache full:https://registry.npmjs.org/@rollup%2frollup-freebsd-arm64 cache-miss
554 http fetch GET 200 https://registry.npmjs.org/@esbuild%2fopenharmony-arm64 181ms (cache miss)
555 silly packumentCache full:https://registry.npmjs.org/@esbuild%2fopenharmony-arm64 set size:undefined disposed:false
556 silly fetch manifest @rollup/rollup-linux-x64-gnu@4.63.4
557 silly packumentCache full:https://registry.npmjs.org/@rollup%2frollup-linux-x64-gnu cache-miss
558 http fetch GET 200 https://registry.npmjs.org/@esbuild%2fopenbsd-arm64 193ms (cache miss)
559 silly packumentCache full:https://registry.npmjs.org/@esbuild%2fopenbsd-arm64 set size:undefined disposed:false
560 silly fetch manifest @rollup/rollup-win32-x64-gnu@4.63.4
561 silly packumentCache full:https://registry.npmjs.org/@rollup%2frollup-win32-x64-gnu cache-miss
562 http fetch GET 200 https://registry.npmjs.org/@types%2festree 177ms (cache miss)
563 silly packumentCache full:https://registry.npmjs.org/@types%2festree set size:undefined disposed:false
564 silly fetch manifest @rollup/rollup-linux-x64-musl@4.63.4
565 silly packumentCache full:https://registry.npmjs.org/@rollup%2frollup-linux-x64-musl cache-miss
566 http fetch GET 200 https://registry.npmjs.org/@esbuild%2ffreebsd-arm64 261ms (cache miss)
567 silly packumentCache full:https://registry.npmjs.org/@esbuild%2ffreebsd-arm64 set size:undefined disposed:false
568 silly fetch manifest @rollup/rollup-win32-x64-msvc@4.63.4
569 silly packumentCache full:https://registry.npmjs.org/@rollup%2frollup-win32-x64-msvc cache-miss
570 http fetch GET 200 https://registry.npmjs.org/@esbuild%2flinux-riscv64 249ms (cache miss)
571 silly packumentCache full:https://registry.npmjs.org/@esbuild%2flinux-riscv64 set size:undefined disposed:false
572 silly fetch manifest @rollup/rollup-linux-arm64-gnu@4.63.4
573 silly packumentCache full:https://registry.npmjs.org/@rollup%2frollup-linux-arm64-gnu cache-miss
574 http fetch GET 200 https://registry.npmjs.org/@esbuild%2flinux-loong64 260ms (cache miss)
575 silly packumentCache full:https://registry.npmjs.org/@esbuild%2flinux-loong64 set size:undefined disposed:false
576 silly fetch manifest @rollup/rollup-linux-ppc64-gnu@4.63.4
577 silly packumentCache full:https://registry.npmjs.org/@rollup%2frollup-linux-ppc64-gnu cache-miss
578 http fetch GET 200 https://registry.npmjs.org/@esbuild%2flinux-mips64el 255ms (cache miss)
579 silly packumentCache full:https://registry.npmjs.org/@esbuild%2flinux-mips64el set size:undefined disposed:false
580 silly fetch manifest @rollup/rollup-linux-s390x-gnu@4.63.4
581 silly packumentCache full:https://registry.npmjs.org/@rollup%2frollup-linux-s390x-gnu cache-miss
582 http fetch GET 200 https://registry.npmjs.org/nanoid 256ms (cache miss)
583 silly packumentCache full:https://registry.npmjs.org/nanoid set size:undefined disposed:false
584 silly fetch manifest @rollup/rollup-win32-ia32-msvc@4.63.4
585 silly packumentCache full:https://registry.npmjs.org/@rollup%2frollup-win32-ia32-msvc cache-miss
586 http fetch GET 200 https://registry.npmjs.org/@napi-rs%2flzma-linux-x64-gnu 168ms (cache miss)
587 silly packumentCache full:https://registry.npmjs.org/@napi-rs%2flzma-linux-x64-gnu set size:undefined disposed:false
588 silly fetch manifest @rollup/rollup-android-arm-eabi@4.63.4
589 silly packumentCache full:https://registry.npmjs.org/@rollup%2frollup-android-arm-eabi cache-miss
590 http fetch GET 200 https://registry.npmjs.org/@rollup%2frollup-openbsd-x64 196ms (cache miss)
591 silly packumentCache full:https://registry.npmjs.org/@rollup%2frollup-openbsd-x64 set size:undefined disposed:false
592 silly fetch manifest @rollup/rollup-linux-arm64-musl@4.63.4
593 silly packumentCache full:https://registry.npmjs.org/@rollup%2frollup-linux-arm64-musl cache-miss
594 http fetch GET 200 https://registry.npmjs.org/@rollup%2frollup-freebsd-x64 242ms (cache miss)
595 silly packumentCache full:https://registry.npmjs.org/@rollup%2frollup-freebsd-x64 set size:undefined disposed:false
596 silly fetch manifest @rollup/rollup-linux-ppc64-musl@4.63.4
597 silly packumentCache full:https://registry.npmjs.org/@rollup%2frollup-linux-ppc64-musl cache-miss
598 http fetch GET 200 https://registry.npmjs.org/@rollup%2frollup-darwin-x64 304ms (cache miss)
599 silly packumentCache full:https://registry.npmjs.org/@rollup%2frollup-darwin-x64 set size:undefined disposed:false
600 silly fetch manifest @rollup/rollup-win32-arm64-msvc@4.63.4
601 silly packumentCache full:https://registry.npmjs.org/@rollup%2frollup-win32-arm64-msvc cache-miss
602 http fetch GET 200 https://registry.npmjs.org/@rollup%2frollup-win32-x64-gnu 202ms (cache miss)
603 silly packumentCache full:https://registry.npmjs.org/@rollup%2frollup-win32-x64-gnu set size:undefined disposed:false
604 silly fetch manifest @rollup/rollup-linux-loong64-gnu@4.63.4
605 silly packumentCache full:https://registry.npmjs.org/@rollup%2frollup-linux-loong64-gnu cache-miss
606 http fetch GET 200 https://registry.npmjs.org/@rollup%2frollup-linux-ppc64-gnu 171ms (cache miss)
607 silly packumentCache full:https://registry.npmjs.org/@rollup%2frollup-linux-ppc64-gnu set size:undefined disposed:false
608 silly fetch manifest @rollup/rollup-linux-riscv64-gnu@4.63.4
609 silly packumentCache full:https://registry.npmjs.org/@rollup%2frollup-linux-riscv64-gnu cache-miss
610 http fetch GET 200 https://registry.npmjs.org/@rollup%2frollup-darwin-arm64 285ms (cache miss)
611 silly packumentCache full:https://registry.npmjs.org/@rollup%2frollup-darwin-arm64 set size:undefined disposed:false
612 silly fetch manifest @rollup/rollup-openharmony-arm64@4.63.4
613 silly packumentCache full:https://registry.npmjs.org/@rollup%2frollup-openharmony-arm64 cache-miss
614 http fetch GET 200 https://registry.npmjs.org/@rollup%2frollup-android-arm64 282ms (cache miss)
615 silly packumentCache full:https://registry.npmjs.org/@rollup%2frollup-android-arm64 set size:undefined disposed:false
616 silly fetch manifest @rollup/rollup-linux-loong64-musl@4.63.4
617 silly packumentCache full:https://registry.npmjs.org/@rollup%2frollup-linux-loong64-musl cache-miss
618 http fetch GET 200 https://registry.npmjs.org/@rollup%2frollup-linux-x64-gnu 280ms (cache miss)
619 silly packumentCache full:https://registry.npmjs.org/@rollup%2frollup-linux-x64-gnu set size:undefined disposed:false
620 silly fetch manifest @rollup/rollup-linux-riscv64-musl@4.63.4
621 silly packumentCache full:https://registry.npmjs.org/@rollup%2frollup-linux-riscv64-musl cache-miss
622 http fetch GET 200 https://registry.npmjs.org/@rollup%2frollup-linux-s390x-gnu 219ms (cache miss)
623 silly packumentCache full:https://registry.npmjs.org/@rollup%2frollup-linux-s390x-gnu set size:undefined disposed:false
624 silly fetch manifest @rollup/rollup-linux-arm-gnueabihf@4.63.4
625 silly packumentCache full:https://registry.npmjs.org/@rollup%2frollup-linux-arm-gnueabihf cache-miss
626 http fetch GET 200 https://registry.npmjs.org/@rollup%2frollup-linux-x64-musl 274ms (cache miss)
627 silly packumentCache full:https://registry.npmjs.org/@rollup%2frollup-linux-x64-musl set size:undefined disposed:false
628 silly fetch manifest @rollup/rollup-linux-arm-musleabihf@4.63.4
629 silly packumentCache full:https://registry.npmjs.org/@rollup%2frollup-linux-arm-musleabihf cache-miss
630 http fetch GET 200 https://registry.npmjs.org/@rollup%2frollup-win32-x64-msvc 273ms (cache miss)
631 silly packumentCache full:https://registry.npmjs.org/@rollup%2frollup-win32-x64-msvc set size:undefined disposed:false
632 http fetch GET 200 https://registry.npmjs.org/@rollup%2frollup-linux-arm64-gnu 264ms (cache miss)
633 silly packumentCache full:https://registry.npmjs.org/@rollup%2frollup-linux-arm64-gnu set size:undefined disposed:false
634 http fetch GET 200 https://registry.npmjs.org/@rollup%2frollup-freebsd-arm64 344ms (cache miss)
635 silly packumentCache full:https://registry.npmjs.org/@rollup%2frollup-freebsd-arm64 set size:undefined disposed:false
636 http fetch GET 200 https://registry.npmjs.org/@rollup%2frollup-linux-ppc64-musl 212ms (cache miss)
637 silly packumentCache full:https://registry.npmjs.org/@rollup%2frollup-linux-ppc64-musl set size:undefined disposed:false
638 http fetch GET 200 https://registry.npmjs.org/@rollup%2frollup-linux-loong64-gnu 159ms (cache miss)
639 silly packumentCache full:https://registry.npmjs.org/@rollup%2frollup-linux-loong64-gnu set size:undefined disposed:false
640 http fetch GET 200 https://registry.npmjs.org/@rollup%2frollup-win32-ia32-msvc 286ms (cache miss)
641 silly packumentCache full:https://registry.npmjs.org/@rollup%2frollup-win32-ia32-msvc set size:undefined disposed:false
642 http fetch GET 200 https://registry.npmjs.org/@rollup%2frollup-openharmony-arm64 142ms (cache miss)
643 silly packumentCache full:https://registry.npmjs.org/@rollup%2frollup-openharmony-arm64 set size:undefined disposed:false
644 http fetch GET 200 https://registry.npmjs.org/@rollup%2frollup-android-arm-eabi 281ms (cache miss)
645 silly packumentCache full:https://registry.npmjs.org/@rollup%2frollup-android-arm-eabi set size:undefined disposed:false
646 http fetch GET 200 https://registry.npmjs.org/@rollup%2frollup-linux-loong64-musl 142ms (cache miss)
647 silly packumentCache full:https://registry.npmjs.org/@rollup%2frollup-linux-loong64-musl set size:undefined disposed:false
648 http fetch GET 200 https://registry.npmjs.org/@rollup%2frollup-linux-riscv64-gnu 188ms (cache miss)
649 silly packumentCache full:https://registry.npmjs.org/@rollup%2frollup-linux-riscv64-gnu set size:undefined disposed:false
650 http fetch GET 200 https://registry.npmjs.org/@rollup%2frollup-win32-arm64-msvc 265ms (cache miss)
651 silly packumentCache full:https://registry.npmjs.org/@rollup%2frollup-win32-arm64-msvc set size:undefined disposed:false
652 http fetch GET 200 https://registry.npmjs.org/@rollup%2frollup-linux-riscv64-musl 144ms (cache miss)
653 silly packumentCache full:https://registry.npmjs.org/@rollup%2frollup-linux-riscv64-musl set size:undefined disposed:false
654 http fetch GET 200 https://registry.npmjs.org/@rollup%2frollup-linux-arm64-musl 309ms (cache miss)
655 silly packumentCache full:https://registry.npmjs.org/@rollup%2frollup-linux-arm64-musl set size:undefined disposed:false
656 http fetch GET 200 https://registry.npmjs.org/@rollup%2frollup-linux-arm-musleabihf 162ms (cache miss)
657 silly packumentCache full:https://registry.npmjs.org/@rollup%2frollup-linux-arm-musleabihf set size:undefined disposed:false
658 http fetch GET 200 https://registry.npmjs.org/@rollup%2frollup-linux-arm-gnueabihf 175ms (cache miss)
659 silly packumentCache full:https://registry.npmjs.org/@rollup%2frollup-linux-arm-gnueabihf set size:undefined disposed:false
660 silly placeDep ROOT @esbuild/aix-ppc64@0.25.12 OK for: esbuild@0.25.12 want: 0.25.12
661 silly placeDep ROOT @esbuild/android-arm@0.25.12 OK for: esbuild@0.25.12 want: 0.25.12
662 silly placeDep ROOT @esbuild/android-arm64@0.25.12 OK for: esbuild@0.25.12 want: 0.25.12
663 silly placeDep ROOT @esbuild/android-x64@0.25.12 OK for: esbuild@0.25.12 want: 0.25.12
664 silly placeDep ROOT @esbuild/darwin-arm64@0.25.12 OK for: esbuild@0.25.12 want: 0.25.12
665 silly placeDep ROOT @esbuild/darwin-x64@0.25.12 OK for: esbuild@0.25.12 want: 0.25.12
666 silly placeDep ROOT @esbuild/freebsd-arm64@0.25.12 OK for: esbuild@0.25.12 want: 0.25.12
667 silly placeDep ROOT @esbuild/freebsd-x64@0.25.12 OK for: esbuild@0.25.12 want: 0.25.12
668 silly placeDep ROOT @esbuild/linux-arm@0.25.12 OK for: esbuild@0.25.12 want: 0.25.12
669 silly placeDep ROOT @esbuild/linux-arm64@0.25.12 OK for: esbuild@0.25.12 want: 0.25.12
670 silly placeDep ROOT @esbuild/linux-ia32@0.25.12 OK for: esbuild@0.25.12 want: 0.25.12
671 silly placeDep ROOT @esbuild/linux-loong64@0.25.12 OK for: esbuild@0.25.12 want: 0.25.12
672 silly placeDep ROOT @esbuild/linux-mips64el@0.25.12 OK for: esbuild@0.25.12 want: 0.25.12
673 silly placeDep ROOT @esbuild/linux-ppc64@0.25.12 OK for: esbuild@0.25.12 want: 0.25.12
674 silly placeDep ROOT @esbuild/linux-riscv64@0.25.12 OK for: esbuild@0.25.12 want: 0.25.12
675 silly placeDep ROOT @esbuild/linux-s390x@0.25.12 OK for: esbuild@0.25.12 want: 0.25.12
676 silly placeDep ROOT @esbuild/linux-x64@0.25.12 OK for: esbuild@0.25.12 want: 0.25.12
677 silly placeDep ROOT @esbuild/netbsd-arm64@0.25.12 OK for: esbuild@0.25.12 want: 0.25.12
678 silly placeDep ROOT @esbuild/netbsd-x64@0.25.12 OK for: esbuild@0.25.12 want: 0.25.12
679 silly placeDep ROOT @esbuild/openbsd-arm64@0.25.12 OK for: esbuild@0.25.12 want: 0.25.12
680 silly placeDep ROOT @esbuild/openbsd-x64@0.25.12 OK for: esbuild@0.25.12 want: 0.25.12
681 silly placeDep ROOT @esbuild/openharmony-arm64@0.25.12 OK for: esbuild@0.25.12 want: 0.25.12
682 silly placeDep ROOT @esbuild/sunos-x64@0.25.12 OK for: esbuild@0.25.12 want: 0.25.12
683 silly placeDep ROOT @esbuild/win32-arm64@0.25.12 OK for: esbuild@0.25.12 want: 0.25.12
684 silly placeDep ROOT @esbuild/win32-ia32@0.25.12 OK for: esbuild@0.25.12 want: 0.25.12
685 silly placeDep ROOT @esbuild/win32-x64@0.25.12 OK for: esbuild@0.25.12 want: 0.25.12
686 silly placeDep ROOT nanoid@3.3.19 OK for: postcss@8.5.28 want: ^3.3.18
687 silly placeDep ROOT source-map-js@1.2.1 OK for: postcss@8.5.28 want: ^1.2.1
688 silly placeDep ROOT @napi-rs/lzma-linux-x64-gnu@1.5.1 OK for: rollup@4.63.4 want: 1.5.1
689 silly placeDep ROOT @rollup/rollup-android-arm-eabi@4.63.4 OK for: rollup@4.63.4 want: 4.63.4
690 silly placeDep ROOT @rollup/rollup-android-arm64@4.63.4 OK for: rollup@4.63.4 want: 4.63.4
691 silly placeDep ROOT @rollup/rollup-darwin-arm64@4.63.4 OK for: rollup@4.63.4 want: 4.63.4
692 silly placeDep ROOT @rollup/rollup-darwin-x64@4.63.4 OK for: rollup@4.63.4 want: 4.63.4
693 silly placeDep ROOT @rollup/rollup-freebsd-arm64@4.63.4 OK for: rollup@4.63.4 want: 4.63.4
694 silly placeDep ROOT @rollup/rollup-freebsd-x64@4.63.4 OK for: rollup@4.63.4 want: 4.63.4
695 silly placeDep ROOT @rollup/rollup-linux-arm-gnueabihf@4.63.4 OK for: rollup@4.63.4 want: 4.63.4
696 silly placeDep ROOT @rollup/rollup-linux-arm-musleabihf@4.63.4 OK for: rollup@4.63.4 want: 4.63.4
697 silly placeDep ROOT @rollup/rollup-linux-arm64-gnu@4.63.4 OK for: rollup@4.63.4 want: 4.63.4
698 silly placeDep ROOT @rollup/rollup-linux-arm64-musl@4.63.4 OK for: rollup@4.63.4 want: 4.63.4
699 silly placeDep ROOT @rollup/rollup-linux-loong64-gnu@4.63.4 OK for: rollup@4.63.4 want: 4.63.4
700 silly placeDep ROOT @rollup/rollup-linux-loong64-musl@4.63.4 OK for: rollup@4.63.4 want: 4.63.4
701 silly placeDep ROOT @rollup/rollup-linux-ppc64-gnu@4.63.4 OK for: rollup@4.63.4 want: 4.63.4
702 silly placeDep ROOT @rollup/rollup-linux-ppc64-musl@4.63.4 OK for: rollup@4.63.4 want: 4.63.4
703 silly placeDep ROOT @rollup/rollup-linux-riscv64-gnu@4.63.4 OK for: rollup@4.63.4 want: 4.63.4
704 silly placeDep ROOT @rollup/rollup-linux-riscv64-musl@4.63.4 OK for: rollup@4.63.4 want: 4.63.4
705 silly placeDep ROOT @rollup/rollup-linux-s390x-gnu@4.63.4 OK for: rollup@4.63.4 want: 4.63.4
706 silly placeDep ROOT @rollup/rollup-linux-x64-gnu@4.63.4 OK for: rollup@4.63.4 want: 4.63.4
707 silly placeDep ROOT @rollup/rollup-linux-x64-musl@4.63.4 OK for: rollup@4.63.4 want: 4.63.4
708 silly placeDep ROOT @rollup/rollup-openbsd-x64@4.63.4 OK for: rollup@4.63.4 want: 4.63.4
709 silly placeDep ROOT @rollup/rollup-openharmony-arm64@4.63.4 OK for: rollup@4.63.4 want: 4.63.4
710 silly placeDep ROOT @rollup/rollup-win32-arm64-msvc@4.63.4 OK for: rollup@4.63.4 want: 4.63.4
711 silly placeDep ROOT @rollup/rollup-win32-ia32-msvc@4.63.4 OK for: rollup@4.63.4 want: 4.63.4
712 silly placeDep ROOT @rollup/rollup-win32-x64-gnu@4.63.4 OK for: rollup@4.63.4 want: 4.63.4
713 silly placeDep ROOT @rollup/rollup-win32-x64-msvc@4.63.4 OK for: rollup@4.63.4 want: 4.63.4
714 silly placeDep ROOT @types/estree@1.0.9 OK for: rollup@4.63.4 want: 1.0.9
715 silly reify moves {}
716 silly audit bulk request {
716 silly audit   '@types/react': [ '19.3.0' ],
716 silly audit   '@types/react-dom': [ '19.3.0' ],
716 silly audit   '@vitejs/plugin-react': [ '4.7.0' ],
716 silly audit   vite: [ '6.4.3' ],
716 silly audit   'akim-na-5-chasov': [ '0.1.0' ],
716 silly audit   react: [ '19.3.0' ],
716 silly audit   'react-dom': [ '19.3.0' ],
716 silly audit   typescript: [ '5.8.3' ],
716 silly audit   csstype: [ '3.2.3' ],
716 silly audit   '@babel/core': [ '7.29.7' ],
716 silly audit   '@babel/plugin-transform-react-jsx-self': [ '7.29.7' ],
716 silly audit   '@babel/plugin-transform-react-jsx-source': [ '7.29.7' ],
716 silly audit   '@rolldown/pluginutils': [ '1.0.0-beta.27' ],
716 silly audit   '@types/babel__core': [ '7.20.5' ],
716 silly audit   'react-refresh': [ '0.17.0' ],
716 silly audit   '@babel/code-frame': [ '7.29.7' ],
716 silly audit   '@babel/generator': [ '7.29.8' ],
716 silly audit   '@babel/helper-compilation-targets': [ '7.29.7' ],
716 silly audit   '@babel/helper-module-transforms': [ '7.29.7' ],
716 silly audit   '@babel/helpers': [ '7.29.7' ],
716 silly audit   '@babel/parser': [ '7.29.9' ],
716 silly audit   '@babel/template': [ '7.29.7' ],
716 silly audit   '@babel/traverse': [ '7.29.8' ],
716 silly audit   '@babel/types': [ '7.29.8' ],
716 silly audit   '@jridgewell/remapping': [ '2.3.5' ],
716 silly audit   'convert-source-map': [ '2.0.0' ],
716 silly audit   debug: [ '4.4.3' ],
716 silly audit   gensync: [ '1.0.0-beta.2' ],
716 silly audit   json5: [ '2.2.3' ],
716 silly audit   semver: [ '6.3.1' ],
716 silly audit   '@babel/helper-validator-identifier': [ '7.29.7' ],
716 silly audit   'js-tokens': [ '4.0.0' ],
716 silly audit   picocolors: [ '1.1.1' ],
716 silly audit   '@jridgewell/gen-mapping': [ '0.3.13' ],
716 silly audit   '@jridgewell/trace-mapping': [ '0.3.31' ],
716 silly audit   jsesc: [ '3.1.0' ],
716 silly audit   '@babel/compat-data': [ '7.29.7' ],
716 silly audit   '@babel/helper-validator-option': [ '7.29.7' ],
716 silly audit   browserslist: [ '4.29.0' ],
716 silly audit   'lru-cache': [ '5.1.1' ],
716 silly audit   '@babel/helper-module-imports': [ '7.29.7' ],
716 silly audit   '@babel/helper-plugin-utils': [ '7.29.7' ],
716 silly audit   '@babel/helper-globals': [ '7.29.7' ],
716 silly audit   '@babel/helper-string-parser': [ '7.29.7' ],
716 silly audit   '@jridgewell/sourcemap-codec': [ '1.6.0' ],
716 silly audit   '@jridgewell/resolve-uri': [ '3.1.2' ],
716 silly audit   '@types/babel__generator': [ '7.27.0' ],
716 silly audit   '@types/babel__template': [ '7.4.4' ],
716 silly audit   '@types/babel__traverse': [ '7.28.0' ],
716 silly audit   'baseline-browser-mapping': [ '2.11.25' ],
716 silly audit   'caniuse-lite': [ '1.0.30001810' ],
716 silly audit   'electron-to-chromium': [ '1.5.437' ],
716 silly audit   'node-releases': [ '2.0.57' ],
716 silly audit   'update-browserslist-db': [ '1.3.3' ],
716 silly audit   ms: [ '2.1.3' ],
716 silly audit   yallist: [ '3.1.1' ],
716 silly audit   scheduler: [ '0.28.0' ],
716 silly audit   escalade: [ '3.2.0' ],
716 silly audit   esbuild: [ '0.25.12' ],
716 silly audit   fdir: [ '6.5.0' ],
716 silly audit   fsevents: [ '2.3.3' ],
716 silly audit   picomatch: [ '4.0.7' ],
716 silly audit   postcss: [ '8.5.28' ],
716 silly audit   rollup: [ '4.63.4' ],
716 silly audit   tinyglobby: [ '0.2.17' ],
716 silly audit   '@esbuild/aix-ppc64': [ '0.25.12' ],
716 silly audit   '@esbuild/android-arm': [ '0.25.12' ],
716 silly audit   '@esbuild/android-arm64': [ '0.25.12' ],
716 silly audit   '@esbuild/android-x64': [ '0.25.12' ],
716 silly audit   '@esbuild/darwin-arm64': [ '0.25.12' ],
716 silly audit   '@esbuild/darwin-x64': [ '0.25.12' ],
716 silly audit   '@esbuild/freebsd-arm64': [ '0.25.12' ],
716 silly audit   '@esbuild/freebsd-x64': [ '0.25.12' ],
716 silly audit   '@esbuild/linux-arm': [ '0.25.12' ],
716 silly audit   '@esbuild/linux-arm64': [ '0.25.12' ],
716 silly audit   '@esbuild/linux-ia32': [ '0.25.12' ],
716 silly audit   '@esbuild/linux-loong64': [ '0.25.12' ],
716 silly audit   '@esbuild/linux-mips64el': [ '0.25.12' ],
716 silly audit   '@esbuild/linux-ppc64': [ '0.25.12' ],
716 silly audit   '@esbuild/linux-riscv64': [ '0.25.12' ],
716 silly audit   '@esbuild/linux-s390x': [ '0.25.12' ],
716 silly audit   '@esbuild/linux-x64': [ '0.25.12' ],
716 silly audit   '@esbuild/netbsd-arm64': [ '0.25.12' ],
716 silly audit   '@esbuild/netbsd-x64': [ '0.25.12' ],
716 silly audit   '@esbuild/openbsd-arm64': [ '0.25.12' ],
716 silly audit   '@esbuild/openbsd-x64': [ '0.25.12' ],
716 silly audit   '@esbuild/openharmony-arm64': [ '0.25.12' ],
716 silly audit   '@esbuild/sunos-x64': [ '0.25.12' ],
716 silly audit   '@esbuild/win32-arm64': [ '0.25.12' ],
716 silly audit   '@esbuild/win32-ia32': [ '0.25.12' ],
716 silly audit   '@esbuild/win32-x64': [ '0.25.12' ],
716 silly audit   nanoid: [ '3.3.19' ],
716 silly audit   'source-map-js': [ '1.2.1' ],
716 silly audit   '@napi-rs/lzma-linux-x64-gnu': [ '1.5.1' ],
716 silly audit   '@rollup/rollup-android-arm-eabi': [ '4.63.4' ],
716 silly audit   '@rollup/rollup-android-arm64': [ '4.63.4' ],
716 silly audit   '@rollup/rollup-darwin-arm64': [ '4.63.4' ],
716 silly audit   '@rollup/rollup-darwin-x64': [ '4.63.4' ],
716 silly audit   '@rollup/rollup-freebsd-arm64': [ '4.63.4' ],
716 silly audit   '@rollup/rollup-freebsd-x64': [ '4.63.4' ],
716 silly audit   '@rollup/rollup-linux-arm-gnueabihf': [ '4.63.4' ],
716 silly audit   '@rollup/rollup-linux-arm-musleabihf': [ '4.63.4' ],
716 silly audit   '@rollup/rollup-linux-arm64-gnu': [ '4.63.4' ],
716 silly audit   '@rollup/rollup-linux-arm64-musl': [ '4.63.4' ],
716 silly audit   '@rollup/rollup-linux-loong64-gnu': [ '4.63.4' ],
716 silly audit   '@rollup/rollup-linux-loong64-musl': [ '4.63.4' ],
716 silly audit   '@rollup/rollup-linux-ppc64-gnu': [ '4.63.4' ],
716 silly audit   '@rollup/rollup-linux-ppc64-musl': [ '4.63.4' ],
716 silly audit   '@rollup/rollup-linux-riscv64-gnu': [ '4.63.4' ],
716 silly audit   '@rollup/rollup-linux-riscv64-musl': [ '4.63.4' ],
716 silly audit   '@rollup/rollup-linux-s390x-gnu': [ '4.63.4' ],
716 silly audit   '@rollup/rollup-linux-x64-gnu': [ '4.63.4' ],
716 silly audit   '@rollup/rollup-linux-x64-musl': [ '4.63.4' ],
716 silly audit   '@rollup/rollup-openbsd-x64': [ '4.63.4' ],
716 silly audit   '@rollup/rollup-openharmony-arm64': [ '4.63.4' ],
716 silly audit   '@rollup/rollup-win32-arm64-msvc': [ '4.63.4' ],
716 silly audit   '@rollup/rollup-win32-ia32-msvc': [ '4.63.4' ],
716 silly audit   '@rollup/rollup-win32-x64-gnu': [ '4.63.4' ],
716 silly audit   '@rollup/rollup-win32-x64-msvc': [ '4.63.4' ],
716 silly audit   '@types/estree': [ '1.0.9' ]
716 silly audit }
717 verbose reify failed optional dependency C:\Users\abola\OneDrive\Рабочий стол\hackalemai\hack-f6c388bf-2407\apps\web\node_modules\@rollup\rollup-win32-ia32-msvc
718 silly reify mark deleted [
718 silly reify   'C:\\Users\\abola\\OneDrive\\Рабочий стол\\hackalemai\\hack-f6c388bf-2407\\apps\\web\\node_modules\\@rollup\\rollup-win32-ia32-msvc'
718 silly reify ]
719 verbose reify failed optional dependency C:\Users\abola\OneDrive\Рабочий стол\hackalemai\hack-f6c388bf-2407\apps\web\node_modules\@rollup\rollup-win32-arm64-msvc
720 silly reify mark deleted [
720 silly reify   'C:\\Users\\abola\\OneDrive\\Рабочий стол\\hackalemai\\hack-f6c388bf-2407\\apps\\web\\node_modules\\@rollup\\rollup-win32-arm64-msvc'
720 silly reify ]
721 verbose reify failed optional dependency C:\Users\abola\OneDrive\Рабочий стол\hackalemai\hack-f6c388bf-2407\apps\web\node_modules\@rollup\rollup-openharmony-arm64
722 silly reify mark deleted [
722 silly reify   'C:\\Users\\abola\\OneDrive\\Рабочий стол\\hackalemai\\hack-f6c388bf-2407\\apps\\web\\node_modules\\@rollup\\rollup-openharmony-arm64'
722 silly reify ]
723 verbose reify failed optional dependency C:\Users\abola\OneDrive\Рабочий стол\hackalemai\hack-f6c388bf-2407\apps\web\node_modules\@rollup\rollup-openbsd-x64
724 silly reify mark deleted [
724 silly reify   'C:\\Users\\abola\\OneDrive\\Рабочий стол\\hackalemai\\hack-f6c388bf-2407\\apps\\web\\node_modules\\@rollup\\rollup-openbsd-x64'
724 silly reify ]
725 verbose reify failed optional dependency C:\Users\abola\OneDrive\Рабочий стол\hackalemai\hack-f6c388bf-2407\apps\web\node_modules\@rollup\rollup-linux-x64-musl
726 silly reify mark deleted [
726 silly reify   'C:\\Users\\abola\\OneDrive\\Рабочий стол\\hackalemai\\hack-f6c388bf-2407\\apps\\web\\node_modules\\@rollup\\rollup-linux-x64-musl'
726 silly reify ]
727 verbose reify failed optional dependency C:\Users\abola\OneDrive\Рабочий стол\hackalemai\hack-f6c388bf-2407\apps\web\node_modules\@rollup\rollup-linux-x64-gnu
728 silly reify mark deleted [
728 silly reify   'C:\\Users\\abola\\OneDrive\\Рабочий стол\\hackalemai\\hack-f6c388bf-2407\\apps\\web\\node_modules\\@rollup\\rollup-linux-x64-gnu'
728 silly reify ]
729 verbose reify failed optional dependency C:\Users\abola\OneDrive\Рабочий стол\hackalemai\hack-f6c388bf-2407\apps\web\node_modules\@rollup\rollup-linux-s390x-gnu
730 silly reify mark deleted [
730 silly reify   'C:\\Users\\abola\\OneDrive\\Рабочий стол\\hackalemai\\hack-f6c388bf-2407\\apps\\web\\node_modules\\@rollup\\rollup-linux-s390x-gnu'
730 silly reify ]
731 verbose reify failed optional dependency C:\Users\abola\OneDrive\Рабочий стол\hackalemai\hack-f6c388bf-2407\apps\web\node_modules\@rollup\rollup-linux-riscv64-musl
732 silly reify mark deleted [
732 silly reify   'C:\\Users\\abola\\OneDrive\\Рабочий стол\\hackalemai\\hack-f6c388bf-2407\\apps\\web\\node_modules\\@rollup\\rollup-linux-riscv64-musl'
732 silly reify ]
733 verbose reify failed optional dependency C:\Users\abola\OneDrive\Рабочий стол\hackalemai\hack-f6c388bf-2407\apps\web\node_modules\@rollup\rollup-linux-riscv64-gnu
734 silly reify mark deleted [
734 silly reify   'C:\\Users\\abola\\OneDrive\\Рабочий стол\\hackalemai\\hack-f6c388bf-2407\\apps\\web\\node_modules\\@rollup\\rollup-linux-riscv64-gnu'
734 silly reify ]
735 verbose reify failed optional dependency C:\Users\abola\OneDrive\Рабочий стол\hackalemai\hack-f6c388bf-2407\apps\web\node_modules\@rollup\rollup-linux-ppc64-musl
736 silly reify mark deleted [
736 silly reify   'C:\\Users\\abola\\OneDrive\\Рабочий стол\\hackalemai\\hack-f6c388bf-2407\\apps\\web\\node_modules\\@rollup\\rollup-linux-ppc64-musl'
736 silly reify ]
737 verbose reify failed optional dependency C:\Users\abola\OneDrive\Рабочий стол\hackalemai\hack-f6c388bf-2407\apps\web\node_modules\@rollup\rollup-linux-ppc64-gnu
738 silly reify mark deleted [
738 silly reify   'C:\\Users\\abola\\OneDrive\\Рабочий стол\\hackalemai\\hack-f6c388bf-2407\\apps\\web\\node_modules\\@rollup\\rollup-linux-ppc64-gnu'
738 silly reify ]
739 verbose reify failed optional dependency C:\Users\abola\OneDrive\Рабочий стол\hackalemai\hack-f6c388bf-2407\apps\web\node_modules\@rollup\rollup-linux-loong64-musl
740 silly reify mark deleted [
740 silly reify   'C:\\Users\\abola\\OneDrive\\Рабочий стол\\hackalemai\\hack-f6c388bf-2407\\apps\\web\\node_modules\\@rollup\\rollup-linux-loong64-musl'
740 silly reify ]
741 verbose reify failed optional dependency C:\Users\abola\OneDrive\Рабочий стол\hackalemai\hack-f6c388bf-2407\apps\web\node_modules\@rollup\rollup-linux-loong64-gnu
742 silly reify mark deleted [
742 silly reify   'C:\\Users\\abola\\OneDrive\\Рабочий стол\\hackalemai\\hack-f6c388bf-2407\\apps\\web\\node_modules\\@rollup\\rollup-linux-loong64-gnu'
742 silly reify ]
743 verbose reify failed optional dependency C:\Users\abola\OneDrive\Рабочий стол\hackalemai\hack-f6c388bf-2407\apps\web\node_modules\@rollup\rollup-linux-arm64-musl
744 silly reify mark deleted [
744 silly reify   'C:\\Users\\abola\\OneDrive\\Рабочий стол\\hackalemai\\hack-f6c388bf-2407\\apps\\web\\node_modules\\@rollup\\rollup-linux-arm64-musl'
744 silly reify ]
745 verbose reify failed optional dependency C:\Users\abola\OneDrive\Рабочий стол\hackalemai\hack-f6c388bf-2407\apps\web\node_modules\@rollup\rollup-linux-arm64-gnu
746 silly reify mark deleted [
746 silly reify   'C:\\Users\\abola\\OneDrive\\Рабочий стол\\hackalemai\\hack-f6c388bf-2407\\apps\\web\\node_modules\\@rollup\\rollup-linux-arm64-gnu'
746 silly reify ]
747 verbose reify failed optional dependency C:\Users\abola\OneDrive\Рабочий стол\hackalemai\hack-f6c388bf-2407\apps\web\node_modules\@rollup\rollup-linux-arm-musleabihf
748 silly reify mark deleted [
748 silly reify   'C:\\Users\\abola\\OneDrive\\Рабочий стол\\hackalemai\\hack-f6c388bf-2407\\apps\\web\\node_modules\\@rollup\\rollup-linux-arm-musleabihf'
748 silly reify ]
749 verbose reify failed optional dependency C:\Users\abola\OneDrive\Рабочий стол\hackalemai\hack-f6c388bf-2407\apps\web\node_modules\@rollup\rollup-linux-arm-gnueabihf
750 silly reify mark deleted [
750 silly reify   'C:\\Users\\abola\\OneDrive\\Рабочий стол\\hackalemai\\hack-f6c388bf-2407\\apps\\web\\node_modules\\@rollup\\rollup-linux-arm-gnueabihf'
750 silly reify ]
751 verbose reify failed optional dependency C:\Users\abola\OneDrive\Рабочий стол\hackalemai\hack-f6c388bf-2407\apps\web\node_modules\@rollup\rollup-freebsd-x64
752 silly reify mark deleted [
752 silly reify   'C:\\Users\\abola\\OneDrive\\Рабочий стол\\hackalemai\\hack-f6c388bf-2407\\apps\\web\\node_modules\\@rollup\\rollup-freebsd-x64'
752 silly reify ]
753 verbose reify failed optional dependency C:\Users\abola\OneDrive\Рабочий стол\hackalemai\hack-f6c388bf-2407\apps\web\node_modules\@rollup\rollup-freebsd-arm64
754 silly reify mark deleted [
754 silly reify   'C:\\Users\\abola\\OneDrive\\Рабочий стол\\hackalemai\\hack-f6c388bf-2407\\apps\\web\\node_modules\\@rollup\\rollup-freebsd-arm64'
754 silly reify ]
755 verbose reify failed optional dependency C:\Users\abola\OneDrive\Рабочий стол\hackalemai\hack-f6c388bf-2407\apps\web\node_modules\@rollup\rollup-darwin-x64
756 silly reify mark deleted [
756 silly reify   'C:\\Users\\abola\\OneDrive\\Рабочий стол\\hackalemai\\hack-f6c388bf-2407\\apps\\web\\node_modules\\@rollup\\rollup-darwin-x64'
756 silly reify ]
757 verbose reify failed optional dependency C:\Users\abola\OneDrive\Рабочий стол\hackalemai\hack-f6c388bf-2407\apps\web\node_modules\@rollup\rollup-darwin-arm64
758 silly reify mark deleted [
758 silly reify   'C:\\Users\\abola\\OneDrive\\Рабочий стол\\hackalemai\\hack-f6c388bf-2407\\apps\\web\\node_modules\\@rollup\\rollup-darwin-arm64'
758 silly reify ]
759 verbose reify failed optional dependency C:\Users\abola\OneDrive\Рабочий стол\hackalemai\hack-f6c388bf-2407\apps\web\node_modules\@rollup\rollup-android-arm64
760 silly reify mark deleted [
760 silly reify   'C:\\Users\\abola\\OneDrive\\Рабочий стол\\hackalemai\\hack-f6c388bf-2407\\apps\\web\\node_modules\\@rollup\\rollup-android-arm64'
760 silly reify ]
761 verbose reify failed optional dependency C:\Users\abola\OneDrive\Рабочий стол\hackalemai\hack-f6c388bf-2407\apps\web\node_modules\@rollup\rollup-android-arm-eabi
762 silly reify mark deleted [
762 silly reify   'C:\\Users\\abola\\OneDrive\\Рабочий стол\\hackalemai\\hack-f6c388bf-2407\\apps\\web\\node_modules\\@rollup\\rollup-android-arm-eabi'
762 silly reify ]
763 verbose reify failed optional dependency C:\Users\abola\OneDrive\Рабочий стол\hackalemai\hack-f6c388bf-2407\apps\web\node_modules\@napi-rs\lzma-linux-x64-gnu
764 silly reify mark deleted [
764 silly reify   'C:\\Users\\abola\\OneDrive\\Рабочий стол\\hackalemai\\hack-f6c388bf-2407\\apps\\web\\node_modules\\@napi-rs\\lzma-linux-x64-gnu'
764 silly reify ]
765 verbose reify failed optional dependency C:\Users\abola\OneDrive\Рабочий стол\hackalemai\hack-f6c388bf-2407\apps\web\node_modules\@esbuild\win32-ia32
766 silly reify mark deleted [
766 silly reify   'C:\\Users\\abola\\OneDrive\\Рабочий стол\\hackalemai\\hack-f6c388bf-2407\\apps\\web\\node_modules\\@esbuild\\win32-ia32'
766 silly reify ]
767 verbose reify failed optional dependency C:\Users\abola\OneDrive\Рабочий стол\hackalemai\hack-f6c388bf-2407\apps\web\node_modules\@esbuild\win32-arm64
768 silly reify mark deleted [
768 silly reify   'C:\\Users\\abola\\OneDrive\\Рабочий стол\\hackalemai\\hack-f6c388bf-2407\\apps\\web\\node_modules\\@esbuild\\win32-arm64'
768 silly reify ]
769 verbose reify failed optional dependency C:\Users\abola\OneDrive\Рабочий стол\hackalemai\hack-f6c388bf-2407\apps\web\node_modules\@esbuild\sunos-x64
770 silly reify mark deleted [
770 silly reify   'C:\\Users\\abola\\OneDrive\\Рабочий стол\\hackalemai\\hack-f6c388bf-2407\\apps\\web\\node_modules\\@esbuild\\sunos-x64'
770 silly reify ]
771 verbose reify failed optional dependency C:\Users\abola\OneDrive\Рабочий стол\hackalemai\hack-f6c388bf-2407\apps\web\node_modules\@esbuild\openharmony-arm64
772 silly reify mark deleted [
772 silly reify   'C:\\Users\\abola\\OneDrive\\Рабочий стол\\hackalemai\\hack-f6c388bf-2407\\apps\\web\\node_modules\\@esbuild\\openharmony-arm64'
772 silly reify ]
773 verbose reify failed optional dependency C:\Users\abola\OneDrive\Рабочий стол\hackalemai\hack-f6c388bf-2407\apps\web\node_modules\@esbuild\openbsd-x64
774 silly reify mark deleted [
774 silly reify   'C:\\Users\\abola\\OneDrive\\Рабочий стол\\hackalemai\\hack-f6c388bf-2407\\apps\\web\\node_modules\\@esbuild\\openbsd-x64'
774 silly reify ]
775 verbose reify failed optional dependency C:\Users\abola\OneDrive\Рабочий стол\hackalemai\hack-f6c388bf-2407\apps\web\node_modules\@esbuild\openbsd-arm64
776 silly reify mark deleted [
776 silly reify   'C:\\Users\\abola\\OneDrive\\Рабочий стол\\hackalemai\\hack-f6c388bf-2407\\apps\\web\\node_modules\\@esbuild\\openbsd-arm64'
776 silly reify ]
777 verbose reify failed optional dependency C:\Users\abola\OneDrive\Рабочий стол\hackalemai\hack-f6c388bf-2407\apps\web\node_modules\@esbuild\netbsd-x64
778 silly reify mark deleted [
778 silly reify   'C:\\Users\\abola\\OneDrive\\Рабочий стол\\hackalemai\\hack-f6c388bf-2407\\apps\\web\\node_modules\\@esbuild\\netbsd-x64'
778 silly reify ]
779 verbose reify failed optional dependency C:\Users\abola\OneDrive\Рабочий стол\hackalemai\hack-f6c388bf-2407\apps\web\node_modules\@esbuild\netbsd-arm64
780 silly reify mark deleted [
780 silly reify   'C:\\Users\\abola\\OneDrive\\Рабочий стол\\hackalemai\\hack-f6c388bf-2407\\apps\\web\\node_modules\\@esbuild\\netbsd-arm64'
780 silly reify ]
781 verbose reify failed optional dependency C:\Users\abola\OneDrive\Рабочий стол\hackalemai\hack-f6c388bf-2407\apps\web\node_modules\@esbuild\linux-x64
782 silly reify mark deleted [
782 silly reify   'C:\\Users\\abola\\OneDrive\\Рабочий стол\\hackalemai\\hack-f6c388bf-2407\\apps\\web\\node_modules\\@esbuild\\linux-x64'
782 silly reify ]
783 verbose reify failed optional dependency C:\Users\abola\OneDrive\Рабочий стол\hackalemai\hack-f6c388bf-2407\apps\web\node_modules\@esbuild\linux-s390x
784 silly reify mark deleted [
784 silly reify   'C:\\Users\\abola\\OneDrive\\Рабочий стол\\hackalemai\\hack-f6c388bf-2407\\apps\\web\\node_modules\\@esbuild\\linux-s390x'
784 silly reify ]
785 verbose reify failed optional dependency C:\Users\abola\OneDrive\Рабочий стол\hackalemai\hack-f6c388bf-2407\apps\web\node_modules\@esbuild\linux-riscv64
786 silly reify mark deleted [
786 silly reify   'C:\\Users\\abola\\OneDrive\\Рабочий стол\\hackalemai\\hack-f6c388bf-2407\\apps\\web\\node_modules\\@esbuild\\linux-riscv64'
786 silly reify ]
787 verbose reify failed optional dependency C:\Users\abola\OneDrive\Рабочий стол\hackalemai\hack-f6c388bf-2407\apps\web\node_modules\@esbuild\linux-ppc64
788 silly reify mark deleted [
788 silly reify   'C:\\Users\\abola\\OneDrive\\Рабочий стол\\hackalemai\\hack-f6c388bf-2407\\apps\\web\\node_modules\\@esbuild\\linux-ppc64'
788 silly reify ]
789 verbose reify failed optional dependency C:\Users\abola\OneDrive\Рабочий стол\hackalemai\hack-f6c388bf-2407\apps\web\node_modules\@esbuild\linux-mips64el
790 silly reify mark deleted [
790 silly reify   'C:\\Users\\abola\\OneDrive\\Рабочий стол\\hackalemai\\hack-f6c388bf-2407\\apps\\web\\node_modules\\@esbuild\\linux-mips64el'
790 silly reify ]
791 verbose reify failed optional dependency C:\Users\abola\OneDrive\Рабочий стол\hackalemai\hack-f6c388bf-2407\apps\web\node_modules\@esbuild\linux-loong64
792 silly reify mark deleted [
792 silly reify   'C:\\Users\\abola\\OneDrive\\Рабочий стол\\hackalemai\\hack-f6c388bf-2407\\apps\\web\\node_modules\\@esbuild\\linux-loong64'
792 silly reify ]
793 verbose reify failed optional dependency C:\Users\abola\OneDrive\Рабочий стол\hackalemai\hack-f6c388bf-2407\apps\web\node_modules\@esbuild\linux-ia32
794 silly reify mark deleted [
794 silly reify   'C:\\Users\\abola\\OneDrive\\Рабочий стол\\hackalemai\\hack-f6c388bf-2407\\apps\\web\\node_modules\\@esbuild\\linux-ia32'
794 silly reify ]
795 verbose reify failed optional dependency C:\Users\abola\OneDrive\Рабочий стол\hackalemai\hack-f6c388bf-2407\apps\web\node_modules\@esbuild\linux-arm64
796 silly reify mark deleted [
796 silly reify   'C:\\Users\\abola\\OneDrive\\Рабочий стол\\hackalemai\\hack-f6c388bf-2407\\apps\\web\\node_modules\\@esbuild\\linux-arm64'
796 silly reify ]
797 verbose reify failed optional dependency C:\Users\abola\OneDrive\Рабочий стол\hackalemai\hack-f6c388bf-2407\apps\web\node_modules\@esbuild\linux-arm
798 silly reify mark deleted [
798 silly reify   'C:\\Users\\abola\\OneDrive\\Рабочий стол\\hackalemai\\hack-f6c388bf-2407\\apps\\web\\node_modules\\@esbuild\\linux-arm'
798 silly reify ]
799 verbose reify failed optional dependency C:\Users\abola\OneDrive\Рабочий стол\hackalemai\hack-f6c388bf-2407\apps\web\node_modules\@esbuild\freebsd-x64
800 silly reify mark deleted [
800 silly reify   'C:\\Users\\abola\\OneDrive\\Рабочий стол\\hackalemai\\hack-f6c388bf-2407\\apps\\web\\node_modules\\@esbuild\\freebsd-x64'
800 silly reify ]
801 verbose reify failed optional dependency C:\Users\abola\OneDrive\Рабочий стол\hackalemai\hack-f6c388bf-2407\apps\web\node_modules\@esbuild\freebsd-arm64
802 silly reify mark deleted [
802 silly reify   'C:\\Users\\abola\\OneDrive\\Рабочий стол\\hackalemai\\hack-f6c388bf-2407\\apps\\web\\node_modules\\@esbuild\\freebsd-arm64'
802 silly reify ]
803 verbose reify failed optional dependency C:\Users\abola\OneDrive\Рабочий стол\hackalemai\hack-f6c388bf-2407\apps\web\node_modules\@esbuild\darwin-x64
804 silly reify mark deleted [
804 silly reify   'C:\\Users\\abola\\OneDrive\\Рабочий стол\\hackalemai\\hack-f6c388bf-2407\\apps\\web\\node_modules\\@esbuild\\darwin-x64'
804 silly reify ]
805 verbose reify failed optional dependency C:\Users\abola\OneDrive\Рабочий стол\hackalemai\hack-f6c388bf-2407\apps\web\node_modules\@esbuild\darwin-arm64
806 silly reify mark deleted [
806 silly reify   'C:\\Users\\abola\\OneDrive\\Рабочий стол\\hackalemai\\hack-f6c388bf-2407\\apps\\web\\node_modules\\@esbuild\\darwin-arm64'
806 silly reify ]
807 verbose reify failed optional dependency C:\Users\abola\OneDrive\Рабочий стол\hackalemai\hack-f6c388bf-2407\apps\web\node_modules\@esbuild\android-x64
808 silly reify mark deleted [
808 silly reify   'C:\\Users\\abola\\OneDrive\\Рабочий стол\\hackalemai\\hack-f6c388bf-2407\\apps\\web\\node_modules\\@esbuild\\android-x64'
808 silly reify ]
809 verbose reify failed optional dependency C:\Users\abola\OneDrive\Рабочий стол\hackalemai\hack-f6c388bf-2407\apps\web\node_modules\@esbuild\android-arm64
810 silly reify mark deleted [
810 silly reify   'C:\\Users\\abola\\OneDrive\\Рабочий стол\\hackalemai\\hack-f6c388bf-2407\\apps\\web\\node_modules\\@esbuild\\android-arm64'
810 silly reify ]
811 verbose reify failed optional dependency C:\Users\abola\OneDrive\Рабочий стол\hackalemai\hack-f6c388bf-2407\apps\web\node_modules\@esbuild\android-arm
812 silly reify mark deleted [
812 silly reify   'C:\\Users\\abola\\OneDrive\\Рабочий стол\\hackalemai\\hack-f6c388bf-2407\\apps\\web\\node_modules\\@esbuild\\android-arm'
812 silly reify ]
813 verbose reify failed optional dependency C:\Users\abola\OneDrive\Рабочий стол\hackalemai\hack-f6c388bf-2407\apps\web\node_modules\@esbuild\aix-ppc64
814 silly reify mark deleted [
814 silly reify   'C:\\Users\\abola\\OneDrive\\Рабочий стол\\hackalemai\\hack-f6c388bf-2407\\apps\\web\\node_modules\\@esbuild\\aix-ppc64'
814 silly reify ]
815 verbose reify failed optional dependency C:\Users\abola\OneDrive\Рабочий стол\hackalemai\hack-f6c388bf-2407\apps\web\node_modules\fsevents
816 silly reify mark deleted [
816 silly reify   'C:\\Users\\abola\\OneDrive\\Рабочий стол\\hackalemai\\hack-f6c388bf-2407\\apps\\web\\node_modules\\fsevents'
816 silly reify ]
817 silly tarball no local data for @types/estree@https://registry.npmjs.org/@types/estree/-/estree-1.0.9.tgz. Extracting by manifest.
818 silly tarball no local data for @rollup/rollup-win32-x64-msvc@https://registry.npmjs.org/@rollup/rollup-win32-x64-msvc/-/rollup-win32-x64-msvc-4.63.4.tgz. Extracting by manifest.
819 silly tarball no local data for @rollup/rollup-win32-x64-gnu@https://registry.npmjs.org/@rollup/rollup-win32-x64-gnu/-/rollup-win32-x64-gnu-4.63.4.tgz. Extracting by manifest.
820 silly tarball no local data for source-map-js@https://registry.npmjs.org/source-map-js/-/source-map-js-1.2.1.tgz. Extracting by manifest.
821 silly tarball no local data for @esbuild/win32-x64@https://registry.npmjs.org/@esbuild/win32-x64/-/win32-x64-0.25.12.tgz. Extracting by manifest.
822 silly tarball no local data for nanoid@https://registry.npmjs.org/nanoid/-/nanoid-3.3.19.tgz. Extracting by manifest.
823 silly tarball no local data for rollup@https://registry.npmjs.org/rollup/-/rollup-4.63.4.tgz. Extracting by manifest.
824 silly tarball no local data for tinyglobby@https://registry.npmjs.org/tinyglobby/-/tinyglobby-0.2.17.tgz. Extracting by manifest.
825 silly tarball no local data for postcss@https://registry.npmjs.org/postcss/-/postcss-8.5.28.tgz. Extracting by manifest.
826 silly tarball no local data for fdir@https://registry.npmjs.org/fdir/-/fdir-6.5.0.tgz. Extracting by manifest.
827 silly tarball no local data for picomatch@https://registry.npmjs.org/picomatch/-/picomatch-4.0.7.tgz. Extracting by manifest.
828 silly tarball no local data for esbuild@https://registry.npmjs.org/esbuild/-/esbuild-0.25.12.tgz. Extracting by manifest.
829 silly tarball no local data for scheduler@https://registry.npmjs.org/scheduler/-/scheduler-0.28.0.tgz. Extracting by manifest.
830 silly tarball no local data for escalade@https://registry.npmjs.org/escalade/-/escalade-3.2.0.tgz. Extracting by manifest.
831 silly tarball no local data for ms@https://registry.npmjs.org/ms/-/ms-2.1.3.tgz. Extracting by manifest.
832 silly tarball no local data for yallist@https://registry.npmjs.org/yallist/-/yallist-3.1.1.tgz. Extracting by manifest.
833 silly tarball no local data for node-releases@https://registry.npmjs.org/node-releases/-/node-releases-2.0.57.tgz. Extracting by manifest.
834 silly tarball no local data for update-browserslist-db@https://registry.npmjs.org/update-browserslist-db/-/update-browserslist-db-1.3.3.tgz. Extracting by manifest.
835 silly tarball no local data for @types/babel__traverse@https://registry.npmjs.org/@types/babel__traverse/-/babel__traverse-7.28.0.tgz. Extracting by manifest.
836 silly tarball no local data for electron-to-chromium@https://registry.npmjs.org/electron-to-chromium/-/electron-to-chromium-1.5.437.tgz. Extracting by manifest.
837 silly tarball no local data for baseline-browser-mapping@https://registry.npmjs.org/baseline-browser-mapping/-/baseline-browser-mapping-2.11.25.tgz. Extracting by manifest.
838 silly tarball no local data for @types/babel__template@https://registry.npmjs.org/@types/babel__template/-/babel__template-7.4.4.tgz. Extracting by manifest.
839 silly tarball no local data for caniuse-lite@https://registry.npmjs.org/caniuse-lite/-/caniuse-lite-1.0.30001810.tgz. Extracting by manifest.
840 silly tarball no local data for @types/babel__generator@https://registry.npmjs.org/@types/babel__generator/-/babel__generator-7.27.0.tgz. Extracting by manifest.
841 silly tarball no local data for @jridgewell/resolve-uri@https://registry.npmjs.org/@jridgewell/resolve-uri/-/resolve-uri-3.1.2.tgz. Extracting by manifest.
842 silly tarball no local data for @jridgewell/sourcemap-codec@https://registry.npmjs.org/@jridgewell/sourcemap-codec/-/sourcemap-codec-1.6.0.tgz. Extracting by manifest.
843 silly tarball no local data for @babel/helper-string-parser@https://registry.npmjs.org/@babel/helper-string-parser/-/helper-string-parser-7.29.7.tgz. Extracting by manifest.
844 silly tarball no local data for @babel/helper-globals@https://registry.npmjs.org/@babel/helper-globals/-/helper-globals-7.29.7.tgz. Extracting by manifest.
845 silly tarball no local data for @babel/helper-plugin-utils@https://registry.npmjs.org/@babel/helper-plugin-utils/-/helper-plugin-utils-7.29.7.tgz. Extracting by manifest.
846 silly tarball no local data for @babel/helper-module-imports@https://registry.npmjs.org/@babel/helper-module-imports/-/helper-module-imports-7.29.7.tgz. Extracting by manifest.
847 silly tarball no local data for lru-cache@https://registry.npmjs.org/lru-cache/-/lru-cache-5.1.1.tgz. Extracting by manifest.
848 silly tarball no local data for browserslist@https://registry.npmjs.org/browserslist/-/browserslist-4.29.0.tgz. Extracting by manifest.
849 silly tarball no local data for @babel/helper-validator-option@https://registry.npmjs.org/@babel/helper-validator-option/-/helper-validator-option-7.29.7.tgz. Extracting by manifest.
850 silly tarball no local data for @jridgewell/trace-mapping@https://registry.npmjs.org/@jridgewell/trace-mapping/-/trace-mapping-0.3.31.tgz. Extracting by manifest.
851 silly tarball no local data for jsesc@https://registry.npmjs.org/jsesc/-/jsesc-3.1.0.tgz. Extracting by manifest.
852 silly tarball no local data for @babel/compat-data@https://registry.npmjs.org/@babel/compat-data/-/compat-data-7.29.7.tgz. Extracting by manifest.
853 silly tarball no local data for @jridgewell/gen-mapping@https://registry.npmjs.org/@jridgewell/gen-mapping/-/gen-mapping-0.3.13.tgz. Extracting by manifest.
854 silly tarball no local data for picocolors@https://registry.npmjs.org/picocolors/-/picocolors-1.1.1.tgz. Extracting by manifest.
855 silly tarball no local data for @babel/helper-validator-identifier@https://registry.npmjs.org/@babel/helper-validator-identifier/-/helper-validator-identifier-7.29.7.tgz. Extracting by manifest.
856 silly tarball no local data for js-tokens@https://registry.npmjs.org/js-tokens/-/js-tokens-4.0.0.tgz. Extracting by manifest.
857 silly tarball no local data for semver@https://registry.npmjs.org/semver/-/semver-6.3.1.tgz. Extracting by manifest.
858 silly tarball no local data for gensync@https://registry.npmjs.org/gensync/-/gensync-1.0.0-beta.2.tgz. Extracting by manifest.
859 silly tarball no local data for debug@https://registry.npmjs.org/debug/-/debug-4.4.3.tgz. Extracting by manifest.
860 silly tarball no local data for @jridgewell/remapping@https://registry.npmjs.org/@jridgewell/remapping/-/remapping-2.3.5.tgz. Extracting by manifest.
861 silly tarball no local data for json5@https://registry.npmjs.org/json5/-/json5-2.2.3.tgz. Extracting by manifest.
862 silly tarball no local data for @babel/types@https://registry.npmjs.org/@babel/types/-/types-7.29.8.tgz. Extracting by manifest.
863 silly tarball no local data for convert-source-map@https://registry.npmjs.org/convert-source-map/-/convert-source-map-2.0.0.tgz. Extracting by manifest.
864 silly tarball no local data for @babel/traverse@https://registry.npmjs.org/@babel/traverse/-/traverse-7.29.8.tgz. Extracting by manifest.
865 silly tarball no local data for @babel/parser@https://registry.npmjs.org/@babel/parser/-/parser-7.29.9.tgz. Extracting by manifest.
866 silly tarball no local data for @babel/helpers@https://registry.npmjs.org/@babel/helpers/-/helpers-7.29.7.tgz. Extracting by manifest.
867 silly tarball no local data for @babel/template@https://registry.npmjs.org/@babel/template/-/template-7.29.7.tgz. Extracting by manifest.
868 silly tarball no local data for @babel/helper-module-transforms@https://registry.npmjs.org/@babel/helper-module-transforms/-/helper-module-transforms-7.29.7.tgz. Extracting by manifest.
869 silly tarball no local data for @babel/helper-compilation-targets@https://registry.npmjs.org/@babel/helper-compilation-targets/-/helper-compilation-targets-7.29.7.tgz. Extracting by manifest.
870 silly tarball no local data for @babel/code-frame@https://registry.npmjs.org/@babel/code-frame/-/code-frame-7.29.7.tgz. Extracting by manifest.
871 silly tarball no local data for react-refresh@https://registry.npmjs.org/react-refresh/-/react-refresh-0.17.0.tgz. Extracting by manifest.
872 silly tarball no local data for @types/babel__core@https://registry.npmjs.org/@types/babel__core/-/babel__core-7.20.5.tgz. Extracting by manifest.
873 silly tarball no local data for @rolldown/pluginutils@https://registry.npmjs.org/@rolldown/pluginutils/-/pluginutils-1.0.0-beta.27.tgz. Extracting by manifest.
874 silly tarball no local data for @babel/generator@https://registry.npmjs.org/@babel/generator/-/generator-7.29.8.tgz. Extracting by manifest.
875 silly tarball no local data for @babel/plugin-transform-react-jsx-source@https://registry.npmjs.org/@babel/plugin-transform-react-jsx-source/-/plugin-transform-react-jsx-source-7.29.7.tgz. Extracting by manifest.
876 silly tarball no local data for @babel/plugin-transform-react-jsx-self@https://registry.npmjs.org/@babel/plugin-transform-react-jsx-self/-/plugin-transform-react-jsx-self-7.29.7.tgz. Extracting by manifest.
877 silly tarball no local data for @babel/core@https://registry.npmjs.org/@babel/core/-/core-7.29.7.tgz. Extracting by manifest.
878 silly tarball no local data for csstype@https://registry.npmjs.org/csstype/-/csstype-3.2.3.tgz. Extracting by manifest.
879 silly tarball no local data for typescript@https://registry.npmjs.org/typescript/-/typescript-5.8.3.tgz. Extracting by manifest.
880 silly tarball no local data for react-dom@https://registry.npmjs.org/react-dom/-/react-dom-19.3.0.tgz. Extracting by manifest.
881 silly tarball no local data for react@https://registry.npmjs.org/react/-/react-19.3.0.tgz. Extracting by manifest.
882 silly tarball no local data for @vitejs/plugin-react@https://registry.npmjs.org/@vitejs/plugin-react/-/plugin-react-4.7.0.tgz. Extracting by manifest.
883 silly tarball no local data for vite@https://registry.npmjs.org/vite/-/vite-6.4.3.tgz. Extracting by manifest.
884 silly tarball no local data for @types/react-dom@https://registry.npmjs.org/@types/react-dom/-/react-dom-19.3.0.tgz. Extracting by manifest.
885 silly tarball no local data for @types/react@https://registry.npmjs.org/@types/react/-/react-19.3.0.tgz. Extracting by manifest.
886 http fetch POST 200 https://registry.npmjs.org/-/npm/v1/security/advisories/bulk 502ms
887 silly audit report {}
888 http fetch GET 200 https://registry.npmjs.org/tinyglobby/-/tinyglobby-0.2.17.tgz 1141ms (cache miss)
889 http fetch GET 200 https://registry.npmjs.org/nanoid/-/nanoid-3.3.19.tgz 1192ms (cache miss)
890 http fetch GET 200 https://registry.npmjs.org/@types/estree/-/estree-1.0.9.tgz 1202ms (cache miss)
891 http fetch GET 200 https://registry.npmjs.org/escalade/-/escalade-3.2.0.tgz 1184ms (cache miss)
892 http fetch GET 200 https://registry.npmjs.org/scheduler/-/scheduler-0.28.0.tgz 1187ms (cache miss)
893 http fetch GET 200 https://registry.npmjs.org/update-browserslist-db/-/update-browserslist-db-1.3.3.tgz 1195ms (cache miss)
894 http fetch GET 200 https://registry.npmjs.org/ms/-/ms-2.1.3.tgz 1201ms (cache miss)
895 http fetch GET 200 https://registry.npmjs.org/@jridgewell/resolve-uri/-/resolve-uri-3.1.2.tgz 1189ms (cache miss)
896 http fetch GET 200 https://registry.npmjs.org/fdir/-/fdir-6.5.0.tgz 1221ms (cache miss)
897 http fetch GET 200 https://registry.npmjs.org/@types/babel__template/-/babel__template-7.4.4.tgz 1208ms (cache miss)
898 http fetch GET 200 https://registry.npmjs.org/lru-cache/-/lru-cache-5.1.1.tgz 1199ms (cache miss)
899 http fetch GET 200 https://registry.npmjs.org/yallist/-/yallist-3.1.1.tgz 1230ms (cache miss)
900 http fetch GET 200 https://registry.npmjs.org/node-releases/-/node-releases-2.0.57.tgz 1229ms (cache miss)
901 http fetch GET 200 https://registry.npmjs.org/@types/babel__traverse/-/babel__traverse-7.28.0.tgz 1228ms (cache miss)
902 http fetch GET 200 https://registry.npmjs.org/@babel/helper-plugin-utils/-/helper-plugin-utils-7.29.7.tgz 1220ms (cache miss)
903 http fetch GET 200 https://registry.npmjs.org/@babel/helper-globals/-/helper-globals-7.29.7.tgz 1222ms (cache miss)
904 http fetch GET 200 https://registry.npmjs.org/@types/babel__generator/-/babel__generator-7.27.0.tgz 1229ms (cache miss)
905 http fetch GET 200 https://registry.npmjs.org/@babel/helper-validator-identifier/-/helper-validator-identifier-7.29.7.tgz 1209ms (cache miss)
906 http fetch GET 200 https://registry.npmjs.org/jsesc/-/jsesc-3.1.0.tgz 1230ms (cache miss)
907 http fetch GET 200 https://registry.npmjs.org/@babel/compat-data/-/compat-data-7.29.7.tgz 1229ms (cache miss)
908 http fetch GET 200 https://registry.npmjs.org/@babel/helper-validator-option/-/helper-validator-option-7.29.7.tgz 1242ms (cache miss)
909 http fetch GET 200 https://registry.npmjs.org/@babel/helper-module-imports/-/helper-module-imports-7.29.7.tgz 1246ms (cache miss)
910 http fetch GET 200 https://registry.npmjs.org/js-tokens/-/js-tokens-4.0.0.tgz 1228ms (cache miss)
911 http fetch GET 200 https://registry.npmjs.org/gensync/-/gensync-1.0.0-beta.2.tgz 1225ms (cache miss)
912 http fetch GET 200 https://registry.npmjs.org/@babel/helper-string-parser/-/helper-string-parser-7.29.7.tgz 1261ms (cache miss)
913 http fetch GET 200 https://registry.npmjs.org/convert-source-map/-/convert-source-map-2.0.0.tgz 1231ms (cache miss)
914 http fetch GET 200 https://registry.npmjs.org/react-refresh/-/react-refresh-0.17.0.tgz 1226ms (cache miss)
915 http fetch GET 200 https://registry.npmjs.org/picocolors/-/picocolors-1.1.1.tgz 1255ms (cache miss)
916 http fetch GET 200 https://registry.npmjs.org/@babel/code-frame/-/code-frame-7.29.7.tgz 1244ms (cache miss)
917 http fetch GET 200 https://registry.npmjs.org/@rolldown/pluginutils/-/pluginutils-1.0.0-beta.27.tgz 1243ms (cache miss)
918 http fetch GET 200 https://registry.npmjs.org/@babel/plugin-transform-react-jsx-source/-/plugin-transform-react-jsx-source-7.29.7.tgz 1251ms (cache miss)
919 http fetch GET 200 https://registry.npmjs.org/@types/babel__core/-/babel__core-7.20.5.tgz 1266ms (cache miss)
920 http fetch GET 200 https://registry.npmjs.org/@babel/plugin-transform-react-jsx-self/-/plugin-transform-react-jsx-self-7.29.7.tgz 1277ms (cache miss)
921 http fetch GET 200 https://registry.npmjs.org/@types/react-dom/-/react-dom-19.3.0.tgz 1260ms (cache miss)
922 http fetch GET 200 https://registry.npmjs.org/semver/-/semver-6.3.1.tgz 1331ms (cache miss)
923 http fetch GET 200 https://registry.npmjs.org/debug/-/debug-4.4.3.tgz 1340ms (cache miss)
924 http fetch GET 200 https://registry.npmjs.org/esbuild/-/esbuild-0.25.12.tgz 1400ms (cache miss)
925 http fetch GET 200 https://registry.npmjs.org/picomatch/-/picomatch-4.0.7.tgz 1454ms (cache miss)
926 http fetch GET 200 https://registry.npmjs.org/baseline-browser-mapping/-/baseline-browser-mapping-2.11.25.tgz 1458ms (cache miss)
927 http fetch GET 200 https://registry.npmjs.org/@vitejs/plugin-react/-/plugin-react-4.7.0.tgz 1393ms (cache miss)
928 http fetch GET 200 https://registry.npmjs.org/browserslist/-/browserslist-4.29.0.tgz 1456ms (cache miss)
929 http fetch GET 200 https://registry.npmjs.org/electron-to-chromium/-/electron-to-chromium-1.5.437.tgz 1525ms (cache miss)
930 http fetch GET 200 https://registry.npmjs.org/@babel/helper-compilation-targets/-/helper-compilation-targets-7.29.7.tgz 1567ms (cache miss)
931 http fetch GET 200 https://registry.npmjs.org/source-map-js/-/source-map-js-1.2.1.tgz 1644ms (cache miss)
932 http fetch GET 200 https://registry.npmjs.org/@babel/helper-module-transforms/-/helper-module-transforms-7.29.7.tgz 1604ms (cache miss)
933 http fetch GET 200 https://registry.npmjs.org/@babel/template/-/template-7.29.7.tgz 1624ms (cache miss)
934 http fetch GET 200 https://registry.npmjs.org/@types/react/-/react-19.3.0.tgz 1650ms (cache miss)
935 http fetch GET 200 https://registry.npmjs.org/json5/-/json5-2.2.3.tgz 1706ms (cache miss)
936 http fetch GET 200 https://registry.npmjs.org/csstype/-/csstype-3.2.3.tgz 1710ms (cache miss)
937 http fetch GET 200 https://registry.npmjs.org/react/-/react-19.3.0.tgz 1778ms (cache miss)
938 http fetch GET 200 https://registry.npmjs.org/@jridgewell/sourcemap-codec/-/sourcemap-codec-1.6.0.tgz 1883ms (cache miss)
939 http fetch GET 200 https://registry.npmjs.org/@jridgewell/gen-mapping/-/gen-mapping-0.3.13.tgz 1870ms (cache miss)
940 http fetch GET 200 https://registry.npmjs.org/@jridgewell/remapping/-/remapping-2.3.5.tgz 1855ms (cache miss)
941 http fetch GET 200 https://registry.npmjs.org/@rollup/rollup-win32-x64-gnu/-/rollup-win32-x64-gnu-4.63.4.tgz 1986ms (cache miss)
942 http fetch GET 200 https://registry.npmjs.org/@babel/parser/-/parser-7.29.9.tgz 1934ms (cache miss)
943 http fetch GET 200 https://registry.npmjs.org/@rollup/rollup-win32-x64-msvc/-/rollup-win32-x64-msvc-4.63.4.tgz 2068ms (cache miss)
944 http fetch GET 200 https://registry.npmjs.org/@jridgewell/trace-mapping/-/trace-mapping-0.3.31.tgz 2078ms (cache miss)
945 http fetch GET 200 https://registry.npmjs.org/@babel/generator/-/generator-7.29.8.tgz 2056ms (cache miss)
946 http fetch GET 200 https://registry.npmjs.org/postcss/-/postcss-8.5.28.tgz 2145ms (cache miss)
947 http fetch GET 200 https://registry.npmjs.org/rollup/-/rollup-4.63.4.tgz 2251ms (cache miss)
948 http fetch GET 200 https://registry.npmjs.org/@babel/traverse/-/traverse-7.29.8.tgz 2260ms (cache miss)
949 http fetch GET 200 https://registry.npmjs.org/vite/-/vite-6.4.3.tgz 2248ms (cache miss)
950 http fetch GET 200 https://registry.npmjs.org/@esbuild/win32-x64/-/win32-x64-0.25.12.tgz 2707ms (cache miss)
951 http fetch GET 200 https://registry.npmjs.org/@babel/core/-/core-7.29.7.tgz 2648ms (cache miss)
952 http fetch GET 200 https://registry.npmjs.org/react-dom/-/react-dom-19.3.0.tgz 2742ms (cache miss)
953 http fetch GET 200 https://registry.npmjs.org/@babel/types/-/types-7.29.8.tgz 2957ms (cache miss)
954 http fetch GET 200 https://registry.npmjs.org/@babel/helpers/-/helpers-7.29.7.tgz 3053ms (cache miss)
955 http fetch GET 200 https://registry.npmjs.org/typescript/-/typescript-5.8.3.tgz 3528ms (cache miss)
956 http fetch GET 200 https://registry.npmjs.org/caniuse-lite/-/caniuse-lite-1.0.30001810.tgz 4703ms (cache miss)
957 info run esbuild@0.25.12 postinstall node_modules/esbuild node install.js
958 info run esbuild@0.25.12 postinstall { code: 0, signal: null }
959 silly ADD node_modules/@types/estree
960 silly ADD node_modules/@rollup/rollup-win32-x64-msvc
961 silly ADD node_modules/@rollup/rollup-win32-x64-gnu
962 silly ADD
963 silly ADD
964 silly ADD
965 silly ADD
966 silly ADD
967 silly ADD
968 silly ADD
969 silly ADD
970 silly ADD
971 silly ADD
972 silly ADD
973 silly ADD
974 silly ADD
975 silly ADD
976 silly ADD
977 silly ADD
978 silly ADD
979 silly ADD
980 silly ADD
981 silly ADD
982 silly ADD
983 silly ADD
984 silly ADD
985 silly ADD
986 silly ADD node_modules/source-map-js
987 silly ADD node_modules/nanoid
988 silly ADD node_modules/@esbuild/win32-x64
989 silly ADD
990 silly ADD
991 silly ADD
992 silly ADD
993 silly ADD
994 silly ADD
995 silly ADD
996 silly ADD
997 silly ADD
998 silly ADD
999 silly ADD
1000 silly ADD
1001 silly ADD
1002 silly ADD
1003 silly ADD
1004 silly ADD
1005 silly ADD
1006 silly ADD
1007 silly ADD
1008 silly ADD
1009 silly ADD
1010 silly ADD
1011 silly ADD
1012 silly ADD
1013 silly ADD
1014 silly ADD node_modules/tinyglobby
1015 silly ADD node_modules/rollup
1016 silly ADD node_modules/postcss
1017 silly ADD node_modules/picomatch
1018 silly ADD
1019 silly ADD node_modules/fdir
1020 silly ADD node_modules/esbuild
1021 silly ADD node_modules/escalade
1022 silly ADD node_modules/scheduler
1023 silly ADD node_modules/yallist
1024 silly ADD node_modules/ms
1025 silly ADD node_modules/update-browserslist-db
1026 silly ADD node_modules/node-releases
1027 silly ADD node_modules/electron-to-chromium
1028 silly ADD node_modules/caniuse-lite
1029 silly ADD node_modules/baseline-browser-mapping
1030 silly ADD node_modules/@types/babel__traverse
1031 silly ADD node_modules/@types/babel__template
1032 silly ADD node_modules/@types/babel__generator
1033 silly ADD node_modules/@jridgewell/resolve-uri
1034 silly ADD node_modules/@jridgewell/sourcemap-codec
1035 silly ADD node_modules/@babel/helper-string-parser
1036 silly ADD node_modules/@babel/helper-globals
1037 silly ADD node_modules/@babel/helper-plugin-utils
1038 silly ADD node_modules/@babel/helper-module-imports
1039 silly ADD node_modules/lru-cache
1040 silly ADD node_modules/browserslist
1041 silly ADD node_modules/@babel/helper-validator-option
1042 silly ADD node_modules/@babel/compat-data
1043 silly ADD node_modules/jsesc
1044 silly ADD node_modules/@jridgewell/trace-mapping
1045 silly ADD node_modules/@jridgewell/gen-mapping
1046 silly ADD node_modules/picocolors
1047 silly ADD node_modules/js-tokens
1048 silly ADD node_modules/@babel/helper-validator-identifier
1049 silly ADD node_modules/semver
1050 silly ADD node_modules/json5
1051 silly ADD node_modules/gensync
1052 silly ADD node_modules/debug
1053 silly ADD node_modules/convert-source-map
1054 silly ADD node_modules/@jridgewell/remapping
1055 silly ADD node_modules/@babel/types
1056 silly ADD node_modules/@babel/traverse
1057 silly ADD node_modules/@babel/template
1058 silly ADD node_modules/@babel/parser
1059 silly ADD node_modules/@babel/helpers
1060 silly ADD node_modules/@babel/helper-module-transforms
1061 silly ADD node_modules/@babel/helper-compilation-targets
1062 silly ADD node_modules/@babel/generator
1063 silly ADD node_modules/@babel/code-frame
1064 silly ADD node_modules/react-refresh
1065 silly ADD node_modules/@types/babel__core
1066 silly ADD node_modules/@rolldown/pluginutils
1067 silly ADD node_modules/@babel/plugin-transform-react-jsx-source
1068 silly ADD node_modules/@babel/plugin-transform-react-jsx-self
1069 silly ADD node_modules/@babel/core
1070 silly ADD node_modules/csstype
1071 silly ADD node_modules/typescript
1072 silly ADD node_modules/react-dom
1073 silly ADD node_modules/react
1074 silly ADD node_modules/akim-na-5-chasov
1075 silly ADD node_modules/vite
1076 silly ADD node_modules/@vitejs/plugin-react
1077 silly ADD node_modules/@types/react-dom
1078 silly ADD node_modules/@types/react
1079 verbose cwd C:\Users\abola\OneDrive\Рабочий стол\hackalemai\hack-f6c388bf-2407
1080 verbose os Windows_NT 10.0.26200
1081 verbose node v18.20.8
1082 verbose npm  v10.8.2
1083 verbose exit 0
1084 info ok
